date,min,max,median,q1,q3,stdev,count
2019-12-09T00:00:00.000Z,16.43,39.92,30.54,21.76,33.86,6.448,314
2019-12-10T00:00:00.000Z,13.94,90.24,58.68,30.76,66.54,21.187,414
2019-12-11T00:00:00.000Z,3.28,112.74,18.41,10.98,50.36,26.927,414
2019-12-12T00:00:00.000Z,17.27,80.89,30.48,25.51,39.64,11.925,475
2019-12-13T00:00:00.000Z,13.51,52.88,26.9,22.49,31.42,7.016,558
2019-12-14T00:00:00.000Z,19.86,43.12,29.5,25.97,33.69,5.219,401
2019-12-15T00:00:00.000Z,5.28,63.9,29.16,20.89,39.85,14.852,571
2019-12-16T00:00:00.000Z,9.16,38.67,18.3,16.13,20.26,3.686,289
2019-12-17T00:00:00.000Z,1.64,44.76,22.32,18.18,27.35,10.116,287
2019-12-18T00:00:00.000Z,15.24,207.58,41.04,31.38,57.65,21.775,466
2019-12-19T00:00:00.000Z,0.4,23.29,2.06,1.48,3.28,3.308,558
2019-12-20T00:00:00.000Z,0.82,31.39,8.18,4.63,13.15,5.878,584
2019-12-21T00:00:00.000Z,6.88,70.08,17.7,12.13,46.28,19.08,573
2019-12-22T00:00:00.000Z,44.66,105.19,61.55,56.59,74.3,12.836,587
2019-12-23T00:00:00.000Z,21.16,83.7,56,41.7,67.27,16.077,584
2019-12-24T00:00:00.000Z,24.11,91.55,58.57,40.95,70.22,16.126,588
2019-12-25T00:00:00.000Z,30.28,97.76,57.23,43.97,67.03,13.889,572
2019-12-26T00:00:00.000Z,60.88,195.62,100.31,84.39,124.35,23.746,584
2019-12-27T00:00:00.000Z,8.46,83.3,40.96,23.57,54.67,18.071,587
2019-12-28T00:00:00.000Z,4.86,47.42,12.04,8.41,21.64,9.861,587
2019-12-29T00:00:00.000Z,3.87,29.21,13.45,8.74,17.38,5.211,586
2019-12-30T00:00:00.000Z,2.52,26.4,10.6,5.61,14.18,4.8,575
2019-12-31T00:00:00.000Z,5.74,101.1,11,8.9,14.7,9.837,230
2020-01-02T00:00:00.000Z,3.9,22.61,8.02,6.82,9.27,2.18,387
2020-01-03T00:00:00.000Z,3.76,11.45,8.02,6.7,8.96,1.801,61
2020-01-07T00:00:00.000Z,4.47,15.8,8.6,6.85,9.96,2.4,168
2020-01-13T00:00:00.000Z,1.58,13.04,4.86,3.9,6.39,1.844,383
2020-01-14T00:00:00.000Z,1.35,11.4,5.55,3.76,7.34,2.213,437
2020-01-15T00:00:00.000Z,3.28,38.75,17.32,9.23,23.76,9.057,460
2020-01-16T00:00:00.000Z,25.19,52.58,38.65,34.53,43.13,5.458,465
2020-01-17T00:00:00.000Z,6.22,28.66,12.64,9.89,17.72,5.015,467
2020-01-18T00:00:00.000Z,4.68,46.65,16.7,12.22,26.84,8.999,506
2020-01-19T00:00:00.000Z,15.84,39.21,26.35,21.6,29.88,4.935,467
2020-01-20T00:00:00.000Z,1.55,24.68,5.05,3.45,9.19,5.988,328
2020-01-21T00:00:00.000Z,0.74,18.02,4.12,2.99,6.42,3.527,353
2020-01-22T00:00:00.000Z,4.09,9.15,6.18,5.55,7.45,1.433,15
2020-01-23T00:00:00.000Z,2.02,11.23,4.21,3.4,5.4,1.936,76
2020-01-24T00:00:00.000Z,1.25,14.61,5.66,3.44,7.89,2.759,263
2020-01-25T00:00:00.000Z,0.63,8.85,2.6,1.71,3.69,1.385,297
2020-01-26T00:00:00.000Z,0.53,11.86,3.62,2.49,5.35,2.314,303
2020-01-27T00:00:00.000Z,0.4,76.31,2.94,1.5,8.08,6.308,250
2020-01-28T00:00:00.000Z,4.82,74.25,14.68,10.58,30.86,18.871,270
2020-01-29T00:00:00.000Z,51.6,132.38,79.98,71.59,95.54,18.552,313
2020-01-30T00:00:00.000Z,7.68,73.98,20.05,12.51,36.22,13.138,288
2020-01-31T00:00:00.000Z,14.69,56.2,33.54,22.47,43.53,11.445,284
2020-02-01T00:00:00.000Z,21.65,85.9,38.11,33.72,43.38,11.055,326
2020-02-02T00:00:00.000Z,3.75,69.51,14.14,7.69,28.72,15.456,325
2020-02-03T00:00:00.000Z,0.35,11.73,4.13,2.78,5.45,1.98,295
2020-02-04T00:00:00.000Z,0.5,9.02,2.62,1.71,3.9,1.663,245
2020-02-05T00:00:00.000Z,1.64,15.89,4.54,3.42,5.93,2.322,215
2020-02-06T00:00:00.000Z,0.38,12.95,3.02,2,4.5,2.122,224
2020-02-07T00:00:00.000Z,0.62,10.06,2.76,1.84,3.82,1.637,192
2020-02-08T00:00:00.000Z,1.83,35.45,12,7.38,18.73,8.138,180
2020-02-09T00:00:00.000Z,4.2,47.15,9.63,6.54,15.42,7.847,292
2020-02-10T00:00:00.000Z,4.25,28.48,11.76,9.49,18.05,5.363,335
2020-02-11T00:00:00.000Z,3.88,23.14,11.18,9.09,13.55,3.493,337
2020-02-12T00:00:00.000Z,8.25,78.17,26.88,20.63,33.85,11.643,353
2020-02-13T00:00:00.000Z,24.86,71.72,32.97,29.91,38.34,8.122,311
2020-02-14T00:00:00.000Z,4.05,79.98,22.52,12.56,58.51,23.993,369
2020-02-15T00:00:00.000Z,4.44,24.27,15.73,11.34,18.72,4.944,303
2020-02-16T00:00:00.000Z,10.32,29.7,18.73,16.1,22,4.113,305
2020-02-17T00:00:00.000Z,8.6,40.74,15.32,13.26,22.09,6.347,312
2020-02-18T00:00:00.000Z,8.59,31.52,19.86,12.23,24.94,6.393,305
2020-02-19T00:00:00.000Z,1.52,1999.9,10.02,6.34,15.54,131.295,282
2020-02-20T00:00:00.000Z,5.31,422.75,14.68,11.26,20.02,42.128,480
2020-02-21T00:00:00.000Z,8.19,49.06,19.38,15.84,23.95,8.269,313
2020-02-22T00:00:00.000Z,7.76,38.88,14.89,12.11,22.91,6.906,428
2020-02-23T00:00:00.000Z,3.64,24.96,8.88,7.24,10.6,4.411,439
2020-02-24T00:00:00.000Z,1.91,24.56,9.26,6.73,11.63,3.712,513
2020-02-25T00:00:00.000Z,1.14,24.6,7.2,5.19,10.51,4.332,445
2020-02-26T00:00:00.000Z,5.2,40.54,23.62,19.52,26.46,6.802,392
2020-02-27T00:00:00.000Z,4.13,94.2,35.92,27.9,45.45,15.493,554
2020-02-28T00:00:00.000Z,2.99,15.61,7.6,6.05,9.68,2.396,551
2020-02-29T00:00:00.000Z,1.44,15.28,4.7,3.42,7.23,2.404,566
2020-03-01T00:00:00.000Z,7.28,29.5,14.61,12.58,16.54,3.507,562
2020-03-02T00:00:00.000Z,4.55,50.6,23.06,11.11,33.79,12.816,465
2020-03-03T00:00:00.000Z,16.27,105.16,38.09,29.16,68.45,21.293,424
2020-03-04T00:00:00.000Z,17.89,149.12,50.74,42.38,63,15.555,584
2020-03-05T00:00:00.000Z,15.76,54.7,25.81,20.35,37.95,10.123,583
2020-03-06T00:00:00.000Z,22.86,44.1,31.93,29.06,35.17,4.126,588
2020-03-07T00:00:00.000Z,26.22,76.59,52.07,44.65,58.35,10.272,590
2020-03-08T00:00:00.000Z,2.38,74.37,17.59,7.69,55.95,23.829,588
2020-03-09T00:00:00.000Z,12.8,47.96,24.05,21.52,27.5,4.98,582
2020-03-10T00:00:00.000Z,3.6,56.56,18.66,13.48,26.61,9.71,583
2020-03-11T00:00:00.000Z,8.44,99.34,45.36,22.43,69.01,25.828,576
2020-03-12T00:00:00.000Z,1.74,15.64,7.11,5.23,9.44,2.909,481
2020-03-13T00:00:00.000Z,0.45,10.77,3.36,2.31,4.54,1.721,510
2020-03-14T00:00:00.000Z,0.5,17.46,7.15,3.64,9.32,3.606,529
2020-03-15T00:00:00.000Z,1.29,11.56,4.17,3.03,5.93,1.844,292
2020-03-16T00:00:00.000Z,1.15,13.64,5.12,3.74,6.96,2.205,579
2020-03-17T00:00:00.000Z,4.55,30.02,13.66,9.72,20.03,6.07,583
2020-03-18T00:00:00.000Z,2.68,27.31,9.9,7.54,15.2,5.671,497
2020-03-19T00:00:00.000Z,0.84,25.3,7.42,4.21,14.08,5.659,550
2020-03-20T00:00:00.000Z,1.3,11.12,4.33,3.31,5.78,1.777,472
2020-03-21T00:00:00.000Z,1.74,13.22,4.68,3.62,6.25,1.936,483
2020-03-22T00:00:00.000Z,1.34,28.95,5.22,4.13,6.75,2.532,459
2020-03-23T00:00:00.000Z,1.98,18.97,6.7,4.97,8.77,2.937,432
2020-03-24T00:00:00.000Z,1.42,37.69,6.78,5.18,9.4,6.057,431
2020-03-25T00:00:00.000Z,5.12,35.13,13.51,11.02,19.7,5.604,424
2020-03-26T00:00:00.000Z,5.36,56.08,19.41,12.34,31.14,11.942,426
2020-03-27T00:00:00.000Z,13.58,118.22,36.08,22.55,47.25,16.011,363
2020-03-28T00:00:00.000Z,8.19,44.45,29.94,14.98,32.67,9.796,173
2020-03-29T00:00:00.000Z,4.96,61.49,30.05,21.98,42.85,14.767,334
2020-03-30T00:00:00.000Z,0.3,7.87,2.79,1.95,3.5,1.26,128
2020-03-31T00:00:00.000Z,0.46,24.27,2.86,1.84,5.53,3.211,317
2020-04-01T00:00:00.000Z,2.37,10.85,5.66,4.72,7.27,1.795,173
2020-04-02T00:00:00.000Z,3.12,18.42,9.25,7.11,11.65,3.176,396
2020-04-03T00:00:00.000Z,8.23,33.54,16.64,13.92,20.23,4.695,440
2020-04-04T00:00:00.000Z,1.41,21.84,7.78,4.69,12.89,4.71,509
2020-04-05T00:00:00.000Z,0.66,17.53,5.22,3.25,8.53,3.649,528
2020-04-06T00:00:00.000Z,0.84,15.65,3.92,2.62,6.43,2.766,505
2020-04-07T00:00:00.000Z,4.47,29.65,12.8,8.76,15.98,4.423,447
2020-04-08T00:00:00.000Z,9.59,131.12,21.28,17.38,25.27,8.857,446
2020-04-09T00:00:00.000Z,2.27,27.55,12.12,7.64,16.92,5.335,451
2020-04-10T00:00:00.000Z,0.77,12.23,4,2.75,5.46,1.956,494
2020-04-11T00:00:00.000Z,3.64,18.6,8.88,5.78,11.81,3.7,146
2020-04-12T00:00:00.000Z,1.12,21.11,6.88,3.04,12.68,5.327,572
2020-04-13T00:00:00.000Z,11.14,50.7,27.32,17.73,32.68,9.278,577
2020-04-14T00:00:00.000Z,0.91,38.08,5.58,3.64,8.32,8.999,554
2020-04-15T00:00:00.000Z,0.85,16.55,5.57,3.46,8.3,3.278,515
2020-04-16T00:00:00.000Z,0.38,14.34,3.24,1.78,5,2.259,505
2020-04-17T00:00:00.000Z,0.52,11.7,3.48,2.66,4.72,1.529,580
2020-04-18T00:00:00.000Z,0.44,13.06,2.36,1.68,3.38,1.877,587
2020-04-19T00:00:00.000Z,0.95,30.38,4.09,2.39,9.34,6.213,571
2020-04-20T00:00:00.000Z,1.23,24.76,6.55,3.87,10.28,4.628,512
2020-04-21T00:00:00.000Z,1.18,13.61,5.23,4,6.39,2.193,374
2020-04-22T00:00:00.000Z,1,26.12,4.59,3.35,6.58,2.666,426
2020-04-23T00:00:00.000Z,1.84,41.82,5.4,4.05,7.71,5.284,482
2020-04-24T00:00:00.000Z,4.18,25.9,12.27,9.22,17.23,5.051,551
2020-04-25T00:00:00.000Z,3.02,21.28,7.78,5.68,10.19,3.245,517
2020-04-26T00:00:00.000Z,2.42,46.12,8.36,4.38,19.37,10.758,566
2020-04-27T00:00:00.000Z,3.8,48.36,7.89,6.38,11.93,11.561,536
2020-04-28T00:00:00.000Z,1.15,11.98,3.58,2.42,5.58,2.191,412
2020-04-29T00:00:00.000Z,0.3,14.72,3.83,1.76,7.98,3.663,523
2020-04-30T00:00:00.000Z,1.4,14.46,3.85,2.78,5.84,2.372,538
2020-05-01T00:00:00.000Z,3,21.98,7.65,5.62,11.46,3.527,551
2020-05-02T00:00:00.000Z,3.44,24.82,7.87,5.95,12.83,4.522,540
2020-05-03T00:00:00.000Z,4,29.47,11.76,10.09,14.56,4.672,576
2020-05-04T00:00:00.000Z,5.07,56.75,24.96,11.3,35.29,12.718,527
2020-05-05T00:00:00.000Z,4.63,29.08,12.81,9.68,16.01,4.574,502
2020-05-06T00:00:00.000Z,5.88,38.29,14.43,12.4,16.95,5.569,580
2020-05-07T00:00:00.000Z,2.6,20.65,7,4.94,9.98,4.105,386
2020-05-08T00:00:00.000Z,1.58,9.3,4.33,3.26,5.43,1.491,347
2020-05-09T00:00:00.000Z,1.78,13.46,4.82,3.82,5.95,1.695,340
2020-05-10T00:00:00.000Z,2.1,9.38,4.84,4.22,5.52,1.23,250
2020-05-11T00:00:00.000Z,1.7,11.96,5.14,3.37,7.98,2.705,351
2020-05-12T00:00:00.000Z,0.3,20.25,8.71,6.99,11.44,4.137,463
2020-05-13T00:00:00.000Z,0.1,9.19,2.52,1.44,4.15,1.749,461
2020-05-14T00:00:00.000Z,2.35,13.05,5.16,4.28,6.32,1.555,460
2020-05-15T00:00:00.000Z,0.48,19.04,4.82,2.21,8.78,3.919,533
2020-05-16T00:00:00.000Z,1.91,18.66,7.11,5.32,9.26,3.029,333
2020-05-17T00:00:00.000Z,1.61,20.18,4.76,3.67,6.39,2.909,539
2020-05-18T00:00:00.000Z,0,9.18,2.08,0,3.16,1.816,463
2020-05-19T00:00:00.000Z,0.55,16.18,2.39,1.59,6,3.963,541
2020-05-20T00:00:00.000Z,0,24.45,2.24,0.04,6.24,5.639,555
2020-05-21T00:00:00.000Z,0,8.44,0.98,0,3.18,1.856,515
2020-05-22T00:00:00.000Z,0,6.49,0.05,0,2.48,1.627,547
2020-05-23T00:00:00.000Z,1.2,15.57,4.9,2.95,8.07,3.061,506
2020-05-24T00:00:00.000Z,2.22,21.7,8.27,5.65,12.2,4.276,540
2020-05-25T00:00:00.000Z,1.92,29.35,9.65,5.97,15.4,5.916,542
2020-05-26T00:00:00.000Z,3.25,45.9,10.9,7.96,22.53,10.629,501
2020-05-27T00:00:00.000Z,2.02,44,10.88,6.72,14.8,5.143,525
2020-05-28T00:00:00.000Z,2.08,33.57,8.19,4.93,13.88,5.687,532
2020-05-29T00:00:00.000Z,0,37.9,0,0,0.55,9.05,548
2020-05-30T00:00:00.000Z,0,31.23,10.52,0.08,15.15,7.873,563
2020-05-31T00:00:00.000Z,0,13,1.37,0,4.22,2.676,497
2020-06-01T00:00:00.000Z,1.3,18.5,3.83,2.78,5.28,2.187,489
2020-06-02T00:00:00.000Z,1.3,29.52,5.14,3.58,8.15,4.787,532
2020-06-03T00:00:00.000Z,0,15.9,0,0,0.2,4.416,452
2020-06-04T00:00:00.000Z,0,14.93,4,0,6.1,3.409,533
2020-06-05T00:00:00.000Z,0,15,2.9,0,5,2.976,449
2020-06-06T00:00:00.000Z,0,56.5,9.8,4.59,24.95,11.332,491
2020-06-07T00:00:00.000Z,0,35.78,6.75,0,16.39,9.748,539
2020-06-08T00:00:00.000Z,4.4,47.35,19.67,10.43,28.33,10.972,522
2020-06-09T00:00:00.000Z,5.57,33.5,12.94,9.66,19.6,6.189,496
2020-06-10T00:00:00.000Z,4,38.28,11.47,8.57,17.16,6.158,516
2020-06-11T00:00:00.000Z,3.83,37.15,15.59,9.55,22.48,7.359,546
2020-06-12T00:00:00.000Z,1.7,35.58,8.32,5.28,14.85,7.808,559
2020-06-13T00:00:00.000Z,1.52,23.3,5.03,3.62,7.25,2.771,539
2020-06-14T00:00:00.000Z,1.2,36.42,5.47,3.97,6.99,2.737,341
2020-06-15T00:00:00.000Z,1.92,18.73,7.21,5.29,9.56,3.026,560
2020-06-16T00:00:00.000Z,4.5,21.8,10.4,8.4,12.81,3.246,572
2020-06-17T00:00:00.000Z,2.7,34.85,9.86,7.45,14.48,4.9,542
2020-06-18T00:00:00.000Z,3.87,55.6,19.85,15.5,24.34,7.45,489
2020-06-19T00:00:00.000Z,6.07,31.48,15.48,13,19.35,4.497,490
2020-06-20T00:00:00.000Z,4,44.08,13.27,9.81,17.84,5.817,585
2020-06-21T00:00:00.000Z,1.6,17.37,5.35,4.05,7.46,2.753,581
2020-06-22T00:00:00.000Z,1.55,34.15,6.88,4.47,10.8,5.815,558
2020-06-23T00:00:00.000Z,2.52,42.25,9.84,6.9,15.48,6.859,570
2020-06-24T00:00:00.000Z,1.2,28.48,7.57,5.2,11.02,4.311,591
2020-06-25T00:00:00.000Z,2.33,30.1,10.25,6.94,13.31,4.563,565
2020-06-26T00:00:00.000Z,3.5,30.37,7.62,5.2,13.43,4.888,565
2020-06-27T00:00:00.000Z,4.4,22.02,10.38,8.25,12.65,3.125,525
2020-06-28T00:00:00.000Z,2,25.77,9.27,7.03,12.32,3.906,442
2020-06-29T00:00:00.000Z,1,17.39,4.28,3.08,5.9,2.231,486
2020-06-30T00:00:00.000Z,1.67,16.23,5.71,4.55,7.37,2.165,470
2020-07-01T00:00:00.000Z,0,48.97,4.36,2.65,5.96,4.835,456
2020-07-02T00:00:00.000Z,0,22.48,7.01,0.9,10.63,5.384,330
2020-07-03T00:00:00.000Z,0,21.05,4.34,0,8.32,5.047,349
2020-07-04T00:00:00.000Z,0,78.53,8.05,4.26,11.7,7.786,497
2020-07-05T00:00:00.000Z,2.37,522.15,9.68,7.54,15.14,64.915,473
2020-07-06T00:00:00.000Z,3.08,22.3,7.43,5.03,11.63,3.954,282
2020-07-07T00:00:00.000Z,0,46.03,8.18,0.1,12.03,6.383,421
2020-07-08T00:00:00.000Z,0,30.4,9.3,2.06,14.2,6.74,445
2020-07-09T00:00:00.000Z,0,237.65,2,0,5.5,16.167,470
2020-07-10T00:00:00.000Z,0.7,20.6,4.15,2.25,7.25,3.561,417
2020-07-11T00:00:00.000Z,2.6,17.48,6.32,4.75,8.73,3.084,329
2020-07-12T00:00:00.000Z,3,27.17,10.8,8.6,13.68,3.817,390
2020-07-13T00:00:00.000Z,0,30.98,12.49,1.98,15.9,7.55,394
2020-07-14T00:00:00.000Z,0,31.23,4.7,0.1,15.75,8.526,442
2020-07-15T00:00:00.000Z,0,43.53,5.53,3.7,8.26,8.196,353
2020-07-16T00:00:00.000Z,0,8.73,0,0,2.65,2.057,315
2020-07-17T00:00:00.000Z,0.6,12.73,4.15,2.74,5.84,2.197,489
2020-07-18T00:00:00.000Z,1.75,20.73,5.8,4.09,9.38,4.232,451
2020-07-19T00:00:00.000Z,3.75,20.8,9.53,7.37,12.88,3.994,154
2020-07-20T00:00:00.000Z,3.3,24.3,14.06,8.55,16.27,4.897,174
2020-07-21T00:00:00.000Z,4.03,29.63,9.6,6.97,14.27,5.099,263
2020-07-22T00:00:00.000Z,1.37,18.95,7.1,4.55,9.16,3.194,273
2020-07-23T00:00:00.000Z,0.4,14.68,4.28,2.45,6.9,3.037,299
2020-07-24T00:00:00.000Z,0.65,18.14,4.34,2.4,7.32,3.692,378
2020-07-25T00:00:00.000Z,6.28,20.35,12.27,9.94,14.89,3.217,80
2020-07-26T00:00:00.000Z,3.67,32.08,10.5,8.3,14.52,4.691,448
2020-07-27T00:00:00.000Z,5.75,44.88,15.19,11.77,24.23,9.622,282
2020-07-28T00:00:00.000Z,3.03,56.6,11,7.75,28.02,13.372,423
2020-07-29T00:00:00.000Z,4.4,31.37,10.53,8.6,12.24,3.13,332
2020-07-30T00:00:00.000Z,1.02,16.62,5.7,4.13,7.6,2.635,372
2020-07-31T00:00:00.000Z,0.68,34.25,4.76,2.92,7.12,4.431,354
2020-08-01T00:00:00.000Z,2.33,21.17,6.96,5.4,9.15,3.193,352
2020-08-02T00:00:00.000Z,3.3,25.62,10.15,8.3,12.82,3.953,323
2020-08-03T00:00:00.000Z,2.8,30,9.73,6.05,12.98,4.416,343
2020-08-04T00:00:00.000Z,5.05,37.75,11.55,8.51,16.3,5.942,389
2020-08-05T00:00:00.000Z,8.57,40.63,16.64,13.42,21.45,5.279,413
2020-08-06T00:00:00.000Z,2.75,31.25,8.1,5.7,11.24,5.242,344
2020-08-07T00:00:00.000Z,1.1,25.95,5.85,3.85,9.32,4.067,415
2020-08-08T00:00:00.000Z,1.85,34.4,7.03,4.3,11.78,5.822,364
2020-08-09T00:00:00.000Z,1.9,33.4,8.52,4.55,15.43,7.49,434
2020-08-10T00:00:00.000Z,2.12,59.2,11.65,5.03,20.98,10.534,407
2020-08-11T00:00:00.000Z,0.9,19.85,3.92,2.72,5.9,3.151,417
2020-08-12T00:00:00.000Z,0.95,13.18,2.92,2.2,4.46,1.99,428
2020-08-13T00:00:00.000Z,0.5,11.27,2.42,1.6,3.74,1.612,417
2020-08-14T00:00:00.000Z,1.48,24.3,5.2,3.53,8.71,4.619,380
2020-08-15T00:00:00.000Z,2.15,36.08,13.35,4.9,19.2,7.926,451
2020-08-16T00:00:00.000Z,4.22,25.2,11.14,7.93,15.45,4.789,474
2020-08-17T00:00:00.000Z,2.25,31.52,8.82,5.24,13.72,5.488,453
2020-08-18T00:00:00.000Z,1.08,35.29,8.19,3.87,16.89,7.71,432
2020-08-19T00:00:00.000Z,3.17,48.05,11.43,8.03,15.59,5.509,425
2020-08-20T00:00:00.000Z,1.98,21.3,9.6,5.72,12.85,4.263,210
2020-08-21T00:00:00.000Z,1.45,30.8,8.61,4.82,16.86,7.397,264
2020-08-22T00:00:00.000Z,2.02,57.78,13.05,5.68,22.05,12.539,407
2020-08-23T00:00:00.000Z,2.37,52.42,10.02,6.43,19.55,10.927,412
2020-08-24T00:00:00.000Z,3.35,18.23,10.13,7.7,12.4,3.154,322
2020-08-25T00:00:00.000Z,3.03,369.75,12.77,8.05,17.6,26.517,373
2020-08-26T00:00:00.000Z,1.14,45.65,13.95,8.18,21.42,8.453,371
2020-08-27T00:00:00.000Z,1.87,23.67,8.02,5.32,10.35,3.706,451
2020-08-28T00:00:00.000Z,1.3,31.1,8.48,5.57,11.18,4.082,381
2020-08-29T00:00:00.000Z,1.95,22.52,5.82,4.07,11.97,5.24,409
2020-08-30T00:00:00.000Z,3.87,37.22,11.1,8.43,17.98,7.027,383
2020-08-31T00:00:00.000Z,4.25,20.62,9.09,7.37,11.15,2.666,382
2020-09-01T00:00:00.000Z,0.6,203.98,5.63,2.29,10.19,18.053,332
2020-09-02T00:00:00.000Z,1.02,31.95,4.63,3.08,6.6,2.835,468
2020-09-03T00:00:00.000Z,2.15,23.92,8.14,5.95,10.26,3.294,468
2020-09-04T00:00:00.000Z,6.28,36.47,14.5,12.07,17.3,4.211,482
2020-09-05T00:00:00.000Z,6.75,38.75,19.67,16.23,24.4,5.741,475
2020-09-06T00:00:00.000Z,5.7,40.79,20.62,13.98,26.07,7.568,473
2020-09-07T00:00:00.000Z,2.1,33.85,17.8,8.86,22.41,8.169,441
2020-09-08T00:00:00.000Z,0.5,30.02,6.07,3.65,16.39,7.883,384
2020-09-09T00:00:00.000Z,0.52,16.42,4.19,2.33,6.42,2.895,408
2020-09-10T00:00:00.000Z,0,63.6,8.68,0.3,13.15,14.481,349
2020-09-11T00:00:00.000Z,0,9.9,0,0,4.57,2.982,309
2020-09-12T00:00:00.000Z,0.73,17.37,5.43,3.46,9.18,3.791,293
2020-09-13T00:00:00.000Z,1.85,22.65,9.06,6.72,11.18,3.31,358
2020-09-14T00:00:00.000Z,2.92,22.1,7.81,6.12,10.48,3.341,286
2020-09-15T00:00:00.000Z,1,15.63,4.5,2.97,6.71,2.569,256
2020-09-16T00:00:00.000Z,4.97,16.57,8.57,7.5,9.77,2.093,38
2020-09-17T00:00:00.000Z,0.6,23.08,10.02,7.81,13.29,4.509,153
2020-09-18T00:00:00.000Z,0.3,9.63,1.59,1.02,2.48,1.275,324
2020-09-19T00:00:00.000Z,1.05,13.1,4.29,3.05,5.8,2.308,310
2020-09-20T00:00:00.000Z,0.8,14.95,4.2,2.49,6.19,2.809,240
2020-09-21T00:00:00.000Z,1.95,13.4,4.73,3.35,6.1,2.136,216
2020-09-22T00:00:00.000Z,2.29,16.67,6.65,5.15,8.63,2.566,342
2020-09-23T00:00:00.000Z,5.18,35.75,13.98,10.6,20.45,6.277,455
2020-09-24T00:00:00.000Z,6.25,48.35,22.36,16.82,27.2,8.288,462
2020-09-25T00:00:00.000Z,9.13,58.45,31.16,19.5,40.28,11.418,356
2020-09-26T00:00:00.000Z,6.93,35.92,16.89,14.3,19.87,4.284,275
2020-09-27T00:00:00.000Z,7.5,44.05,16.77,13.83,20.94,5.851,229
2020-09-28T00:00:00.000Z,9.5,46.53,26.1,18.22,31.2,8.161,264
2020-09-29T00:00:00.000Z,9,49.55,22.2,17.5,26.92,6.924,259
2020-09-30T00:00:00.000Z,6.65,35.88,14.69,12.25,17.35,4.22,390
2020-10-01T00:00:00.000Z,5.65,37.4,15.98,13.3,20.27,5.088,307
2020-10-02T00:00:00.000Z,10.38,59.2,20.6,16.6,25.28,6.412,264
2020-10-03T00:00:00.000Z,12.65,54.72,27.83,20.14,33.45,7.795,237
2020-10-04T00:00:00.000Z,6.2,57.4,23.24,17.27,34.7,11.092,314
2020-10-05T00:00:00.000Z,7.87,45.55,22.6,16.92,28.17,7.449,318
2020-10-06T00:00:00.000Z,6.62,35.9,20.23,15.63,24.52,5.806,338
2020-10-07T00:00:00.000Z,9.4,49.97,20.81,17.82,24.55,5.499,318
2020-10-08T00:00:00.000Z,10.25,46.55,23.66,18.42,29.02,7.235,318
2020-10-09T00:00:00.000Z,10.52,48.35,23.89,17.27,30.75,8.425,336
2020-10-10T00:00:00.000Z,9.93,118.1,27.95,20.17,45.88,27.313,416
2020-10-11T00:00:00.000Z,23.83,112.07,58.92,41.22,73.62,19.24,432
2020-10-12T00:00:00.000Z,31.6,90.85,52.3,47.2,59.9,10.281,343
2020-10-13T00:00:00.000Z,30.75,103.72,58.72,47.67,71.78,15.849,399
2020-10-14T00:00:00.000Z,19.98,81.43,52.13,38.65,60.33,14.59,379
2020-10-15T00:00:00.000Z,1.12,52.08,7.62,4.01,27.53,12.412,401
2020-10-16T00:00:00.000Z,0.95,44.38,5.57,3.86,8,3.8,417
2020-10-17T00:00:00.000Z,2.87,27.37,10.27,6.6,17.07,5.842,415
2020-10-18T00:00:00.000Z,0.37,31.2,4.53,2.27,7.57,6.538,423
2020-10-19T00:00:00.000Z,0.9,11.25,3.47,2.45,4.79,1.857,429
2020-10-20T00:00:00.000Z,0.68,14.45,2.35,1.73,3.28,1.587,447
2020-10-21T00:00:00.000Z,0.8,23.75,6.43,3.61,11.02,5.627,421
2020-10-22T00:00:00.000Z,19.5,66.4,37.94,30.55,50.28,10.958,414
2020-10-23T00:00:00.000Z,1.3,35.25,7.78,4.95,11.15,7.565,404
2020-10-24T00:00:00.000Z,1.08,25.7,6.28,3.63,11.13,4.895,424
2020-10-25T00:00:00.000Z,1.8,24.5,7.25,4.93,9.52,3.306,471
2020-10-26T00:00:00.000Z,0.73,27.6,8.05,6.07,11.15,4.016,470
2020-10-27T00:00:00.000Z,4.97,32.75,13.85,9.85,20.13,6.09,448
2020-10-28T00:00:00.000Z,7.35,38.13,16.7,12.84,21.24,5.186,461
2020-10-29T00:00:00.000Z,11.07,55.33,23.48,19.67,29.56,7.525,464
2020-10-30T00:00:00.000Z,13.5,68.93,29.23,23.39,34.33,8.037,472
2020-10-31T00:00:00.000Z,18.82,80.72,38.25,29.23,46.7,11.09,486
2020-11-01T00:00:00.000Z,3.88,28.33,9.3,7.62,12.17,5.112,481
2020-11-02T00:00:00.000Z,16.07,57.58,28.48,24.55,32.15,6.141,439
2020-11-03T00:00:00.000Z,21,82.57,41.79,34.65,49.35,13.292,454
2020-11-04T00:00:00.000Z,8.94,49,19.1,15.18,32.79,10.808,345
2020-11-05T00:00:00.000Z,2.52,18.92,7.7,5.68,10.73,3.482,285
2020-11-06T00:00:00.000Z,0.75,23.15,7.78,4.34,11.2,4.493,314
2020-11-07T00:00:00.000Z,1.3,25.05,7.22,4.75,11.1,4.754,390
2020-11-08T00:00:00.000Z,0.65,18.92,2.78,1.8,4.18,2.659,353
2020-11-09T00:00:00.000Z,1.33,16.17,5.5,3.78,7.47,2.689,283
2020-11-10T00:00:00.000Z,0.6,11,3.71,2.6,5.15,2.051,330
2020-11-11T00:00:00.000Z,2.15,24.83,8.85,5.47,12.74,5.109,337
2020-11-12T00:00:00.000Z,5.88,46.72,19.02,14.2,23.02,6.81,291
2020-11-13T00:00:00.000Z,4.68,53.63,19.48,11.95,29.55,11.443,311
2020-11-14T00:00:00.000Z,18.38,78.28,35.74,28.54,44.15,13.096,336
2020-11-15T00:00:00.000Z,6.6,45.05,22.89,16.57,29.44,8.061,292
2020-11-16T00:00:00.000Z,5.38,26.4,14.07,10.1,17.95,4.789,279
2020-11-17T00:00:00.000Z,4.95,33.67,14.73,11.88,17.91,4.824,313
2020-11-18T00:00:00.000Z,4.65,22.83,11.45,9.43,13.7,3.231,374
2020-11-19T00:00:00.000Z,3.75,64.56,29.92,10.54,40.84,15.668,369
2020-11-20T00:00:00.000Z,8.48,47.67,26.57,18.45,32.72,8.415,366
2020-11-21T00:00:00.000Z,5.35,22.73,11.43,9.64,13.88,2.999,312
2020-11-22T00:00:00.000Z,2.2,19.25,7.82,5.43,10.9,3.382,306
2020-11-23T00:00:00.000Z,7.85,31.92,16.05,13.13,20.19,4.826,276
2020-11-24T00:00:00.000Z,1.52,21.2,9.22,6.72,11.15,3.499,286
2020-11-25T00:00:00.000Z,1.85,23.05,8.05,5.64,12.91,4.654,301
2020-11-26T00:00:00.000Z,2.1,27.63,9.8,6.9,15.25,6.461,285
2020-11-27T00:00:00.000Z,15.15,59.1,32.77,26.2,37.78,8.526,278
2020-11-28T00:00:00.000Z,22.75,102.03,46.1,39.58,59.63,17.517,279
2020-11-29T00:00:00.000Z,6.5,44.03,15.3,11.68,28.8,10.926,278
2020-11-30T00:00:00.000Z,11.18,26.5,16.59,14.98,18.5,2.672,258
2020-12-01T00:00:00.000Z,12.4,53.22,25.88,20.5,33.38,8.531,221
2020-12-02T00:00:00.000Z,28.83,67.72,45.36,40.1,51.97,7.656,226
2020-12-03T00:00:00.000Z,20,57.13,33.25,27,38.15,7.222,231
2020-12-04T00:00:00.000Z,24.05,55.97,37.03,32.97,41.68,6.125,269
2020-12-05T00:00:00.000Z,8.05,44.72,25.88,18.42,33.53,8.802,253
2020-12-06T00:00:00.000Z,7.78,45.6,21.65,16.57,27.4,7.393,341
2020-12-07T00:00:00.000Z,17.89,56.58,28.6,25.26,33.34,6.963,293
2020-12-08T00:00:00.000Z,19.07,59.4,39.08,31.83,45.2,8.967,283
2020-12-09T00:00:00.000Z,13.85,64.53,25.08,20.79,29.42,6.669,253
2020-12-10T00:00:00.000Z,12.1,44.47,23.77,19.39,26.92,5.842,259
2020-12-11T00:00:00.000Z,16.23,81.31,32.72,25.83,37.22,7.7,315
2020-12-12T00:00:00.000Z,25.27,72,44.05,38.99,49.68,8.118,316
2020-12-13T00:00:00.000Z,13.02,38.7,23.13,20.5,26.13,4.427,302
2020-12-14T00:00:00.000Z,14.13,89.97,42.13,24.11,58.42,19.23,285
2020-12-15T00:00:00.000Z,30.98,79.47,49.88,41.17,57.22,10.135,306
2020-12-16T00:00:00.000Z,13.48,98.6,29.57,22.98,47.7,14.862,310
2020-12-17T00:00:00.000Z,0.73,23.63,5.38,3.3,9.52,4.254,279
2020-12-18T00:00:00.000Z,1.3,49.65,6.5,3.54,26.99,12.55,304
2020-12-19T00:00:00.000Z,18.82,48.17,29.21,25.2,32.92,6.602,290
2020-12-20T00:00:00.000Z,10.73,425.33,49.35,38.54,62.61,46.391,301
2020-12-21T00:00:00.000Z,10.68,29.67,16.55,14.43,18.98,3.404,302
2020-12-22T00:00:00.000Z,9.35,45.58,19.34,15.46,25.44,7.638,284
2020-12-23T00:00:00.000Z,7.63,35.47,16.42,13.32,20.45,5.369,304
2020-12-24T00:00:00.000Z,13.9,67,43.93,32.42,51.38,12.62,278
2020-12-25T00:00:00.000Z,10.9,52.85,23.02,18.1,35.54,10.5,307
2020-12-26T00:00:00.000Z,2.35,50.55,6.77,4.92,13.55,10.118,292
2020-12-27T00:00:00.000Z,4.84,24.25,14.52,12.77,16.45,3.22,299
2020-12-28T00:00:00.000Z,11.43,68.88,29.34,22.55,46.74,14.398,296
2020-12-29T00:00:00.000Z,10.95,50.83,21.98,18.38,25.33,6.966,290
2020-12-30T00:00:00.000Z,20.6,91.13,62.63,40.42,74.15,19.54,291
2020-12-31T00:00:00.000Z,31.98,196.95,68.55,59.5,90.22,20.795,311
2021-01-01T00:00:00.000Z,36.45,102.22,54.15,50.47,60.25,11.309,141
2021-01-02T00:00:00.000Z,1.75,45.88,11.62,4.82,32.29,13.599,142
2021-01-03T00:00:00.000Z,1.73,61.22,10.75,5.46,26.43,15.405,252
2021-01-04T00:00:00.000Z,23.65,82.1,62.08,44.7,67.25,14.581,246
2021-01-05T00:00:00.000Z,16,102.43,54.72,28.85,73.03,23.692,263
2021-01-06T00:00:00.000Z,15.05,65.31,28.28,23.85,34.35,9.452,236
2021-01-07T00:00:00.000Z,21.15,160.13,48.41,38.5,80.97,26.379,268
2021-01-08T00:00:00.000Z,20.05,66.59,33.35,29.33,39.92,10.314,286
2021-01-09T00:00:00.000Z,19.05,47.13,32.78,29.3,35.88,4.601,287
2021-01-10T00:00:00.000Z,7.35,60.83,24.3,20.45,30.75,9.667,279
2021-01-11T00:00:00.000Z,23.73,59.38,41.7,38.08,46.53,6.572,255
2021-01-12T00:00:00.000Z,22.85,78.9,46.7,38.58,55.25,10.341,274
2021-01-13T00:00:00.000Z,7.78,53.95,34.61,21.82,39.22,10.209,256
2021-01-14T00:00:00.000Z,10.3,31.6,18.73,15.14,21.69,4.726,252
2021-01-15T00:00:00.000Z,10.63,56.97,28.5,21.33,37.51,10.825,280
2021-01-16T00:00:00.000Z,2.85,45.63,14.38,10.42,18.79,6.678,261
2021-01-17T00:00:00.000Z,1.38,38.6,15.46,10.28,20.85,7.351,248
2021-01-18T00:00:00.000Z,13.52,87.28,58.45,38.45,69,17.592,227
2021-01-19T00:00:00.000Z,19.88,81.53,42.92,29.45,57.85,15.388,211
2021-01-20T00:00:00.000Z,6.43,26.95,12.65,10.44,16.32,4.367,265
2021-01-21T00:00:00.000Z,5.05,72.31,27.3,14.75,54.42,19.975,241
2021-01-22T00:00:00.000Z,38.54,211,75.54,59.67,119.4,47.356,258
2021-01-23T00:00:00.000Z,34.5,118.25,76.18,65.59,87.1,15.743,259
2021-01-24T00:00:00.000Z,27.05,196.88,56.28,38.33,66.56,23.818,280
2021-01-25T00:00:00.000Z,6.78,56.4,24.45,15.25,38.83,13.315,239
2021-01-26T00:00:00.000Z,11.05,83.78,30.85,17.89,38.6,17.33,262
2021-01-27T00:00:00.000Z,1.85,25.52,5.22,3.94,7.17,3.673,232
2021-01-28T00:00:00.000Z,9.55,79.55,21.33,15.68,29.83,9.948,275
2021-01-29T00:00:00.000Z,4,44.8,13.24,8.5,20.45,8.54,214
2021-01-30T00:00:00.000Z,4.38,30.05,13.82,9.38,18.68,5.853,245
2021-01-31T00:00:00.000Z,2.13,43.97,17.13,6.98,24.94,10.037,260
2021-02-01T00:00:00.000Z,2.52,28.85,7.88,5.78,12.25,5.216,206
2021-02-02T00:00:00.000Z,15.9,54.35,29.1,24.85,35.38,7.372,239
2021-02-03T00:00:00.000Z,16.67,54.78,40.11,26.85,45.25,9.875,138
2021-02-04T00:00:00.000Z,5.18,64.09,40.52,14.55,47.83,16.844,266
2021-02-05T00:00:00.000Z,1.65,23.77,9.77,7.59,12.72,4.194,237
2021-02-06T00:00:00.000Z,1.08,24.98,7.03,4.75,10.02,4.125,242
2021-02-07T00:00:00.000Z,0.45,21.73,7.9,4.57,10.6,4.355,238
2021-02-08T00:00:00.000Z,1.05,48.83,10.5,7.37,18.23,10.403,261
2021-02-09T00:00:00.000Z,6.43,52.85,23.17,13.38,32.59,11.108,236
2021-02-10T00:00:00.000Z,5,30.9,12.45,9.93,16.02,4.238,242
2021-02-11T00:00:00.000Z,10.15,37.03,20,16.29,23.99,5.559,225
2021-02-12T00:00:00.000Z,3.85,30.33,12.64,9.51,15.85,4.595,260
2021-02-13T00:00:00.000Z,0.73,28.27,6.78,5.05,8.68,3.093,251
2021-02-14T00:00:00.000Z,0.3,13.75,2.54,1.46,4.22,2.129,237
2021-02-15T00:00:00.000Z,0.4,26.15,7.67,4.34,11.79,5.891,244
2021-02-16T00:00:00.000Z,1.6,21.75,7.79,5.4,10.29,3.712,236
2021-02-17T00:00:00.000Z,3.6,25.63,12.25,9.6,15.82,4.313,231
2021-02-18T00:00:00.000Z,3.22,33.79,17.67,12.81,21.67,5.992,272
2021-02-19T00:00:00.000Z,1.02,33.53,8.3,5.55,12.45,4.639,225
2021-02-20T00:00:00.000Z,6.8,50.45,19.27,15.5,25.45,8.696,245
2021-02-21T00:00:00.000Z,23.55,125.13,47.6,38.54,65.75,22.62,259
2021-02-22T00:00:00.000Z,3.25,41.92,18.27,13.45,23.67,7.866,218
2021-02-23T00:00:00.000Z,3.38,181.98,12.35,8.34,18.05,17.649,229
2021-02-24T00:00:00.000Z,5.5,38.58,16.64,12.41,21.22,6.435,237
2021-02-25T00:00:00.000Z,11.35,459.52,30.63,24,38.63,40.633,231
2021-02-26T00:00:00.000Z,1.08,389.27,15.88,6.28,51,51.608,227
2021-02-27T00:00:00.000Z,0.35,16.2,4.72,2.85,6.4,2.639,259
2021-02-28T00:00:00.000Z,1.3,27.38,6.56,4.15,16.95,6.905,260
2021-03-01T00:00:00.000Z,1.2,30.23,4.09,2.52,12.22,6.709,232
2021-03-02T00:00:00.000Z,0.3,9.9,3.72,2.5,5,1.845,251
2021-03-03T00:00:00.000Z,0.2,10.23,3.35,1.94,4.67,2.032,229
2021-03-04T00:00:00.000Z,1.02,13.85,3.42,2.47,4.8,1.856,232
2021-03-05T00:00:00.000Z,1.33,20.45,5.72,3.65,9.53,4.109,245
2021-03-06T00:00:00.000Z,2.17,29.8,9.56,6.61,13.2,4.662,240
2021-03-07T00:00:00.000Z,0.6,17.48,4.83,3.09,7.18,2.763,268
2021-03-08T00:00:00.000Z,0.4,15.57,4.3,2.47,7.47,3.485,238
2021-03-09T00:00:00.000Z,1.33,27.2,12.2,9.57,15.56,4.626,249
2021-03-10T00:00:00.000Z,2.2,39.83,10.69,7.28,15.85,6.993,230
2021-03-11T00:00:00.000Z,3.85,38.42,12.69,8.89,16.89,6.972,240
2021-03-12T00:00:00.000Z,1.65,26.9,9.63,7.22,12.77,4.101,247
2021-03-13T00:00:00.000Z,6.2,46.9,17.7,14.52,29.45,9.673,249
2021-03-14T00:00:00.000Z,19.23,77.97,37.75,33.15,44.56,10.805,248
2021-03-15T00:00:00.000Z,21.7,52.53,34.54,29.35,37.46,6.006,217
2021-03-16T00:00:00.000Z,15.88,84.03,44.92,26.92,59.23,18.276,221
2021-03-17T00:00:00.000Z,8.18,112.13,49.99,22.67,71.18,26.713,248
2021-03-18T00:00:00.000Z,3.22,101.28,15.02,8.35,55.4,27.393,235
2021-03-19T00:00:00.000Z,2.33,15.18,6.65,5.2,9.19,2.794,224
2021-03-20T00:00:00.000Z,2.85,18.39,8.23,6.07,9.94,3.033,215
2021-03-21T00:00:00.000Z,2.17,18.27,6.75,4.78,9.55,3.304,210
2021-03-22T00:00:00.000Z,1.14,13.1,5.65,3.33,8.22,2.84,225
2021-03-23T00:00:00.000Z,1.3,26.92,6.65,5,10.83,4.749,296
2021-03-24T00:00:00.000Z,1.8,45.97,9.52,6.87,16.3,7.361,185
2021-03-25T00:00:00.000Z,0.82,30.83,11.45,6.68,15.3,5.94,199
2021-03-26T00:00:00.000Z,5.4,37.92,16.32,13.52,19.84,5.57,165
2021-03-27T00:00:00.000Z,3.38,41.38,15.03,11.04,24.03,9.185,152
2021-03-28T00:00:00.000Z,3.75,49.92,11.18,8.55,25.88,11.628,98
2021-03-29T00:00:00.000Z,3.33,37.33,9.65,7.28,11.77,3.915,191
2021-03-30T00:00:00.000Z,2.47,41.2,10.35,6.57,15.27,6.152,213
2021-03-31T00:00:00.000Z,6.47,24.75,14.5,11.6,17.37,3.91,192
2021-04-01T00:00:00.000Z,1.42,61.63,7.47,5.8,9.52,5.008,175
2021-04-02T00:00:00.000Z,1.75,36.35,7.6,4.8,15.55,7.244,195
2021-04-03T00:00:00.000Z,1.45,52.5,14.93,7.85,19.23,7.477,206
2021-04-04T00:00:00.000Z,1.5,19.64,7.35,5.05,11.3,4.032,199
2021-04-05T00:00:00.000Z,2.15,16.48,6.13,4.9,7.85,2.447,146
2021-04-06T00:00:00.000Z,4.18,28.27,12.04,9.13,16.02,5.418,234
2021-04-07T00:00:00.000Z,7.25,43.58,16.77,12.61,26.78,8.672,164
2021-04-08T00:00:00.000Z,1.14,40.2,6.95,4.5,11.38,10.221,187
2021-04-09T00:00:00.000Z,1,16.67,7.17,4.92,9.94,3.485,188
2021-04-10T00:00:00.000Z,2.38,22.23,6.76,5,10.27,3.925,166
2021-04-11T00:00:00.000Z,9.57,35.04,18.97,15.45,23.85,6.539,86
2021-04-12T00:00:00.000Z,5.13,61.45,16.98,12.2,21.9,12.564,70
2021-04-13T00:00:00.000Z,24.15,100.05,42.67,34.9,50.99,18.216,116
2021-04-14T00:00:00.000Z,15.77,66.81,34.75,27.48,44.56,10.562,129
2021-04-15T00:00:00.000Z,4.38,62.35,27.55,15.75,34.63,13.433,99
2021-04-16T00:00:00.000Z,2.78,29.6,9.85,7.1,13.72,4.962,125
2021-04-17T00:00:00.000Z,3.13,27.3,8.98,6.72,13.8,5.059,147
2021-04-18T00:00:00.000Z,2.15,32.6,8.94,6.88,11.68,4.79,130
2021-04-19T00:00:00.000Z,4.45,26.65,8.88,6.95,11.15,3.744,126
2021-04-20T00:00:00.000Z,3.17,20.05,8.28,6.6,11.32,3.754,118
2021-04-21T00:00:00.000Z,1.98,18.8,5.72,3.85,9.88,3.598,121
2021-04-22T00:00:00.000Z,5.32,23.13,12.04,8.05,14.48,4.299,116
2021-04-23T00:00:00.000Z,2.27,23.25,11.64,8.75,13.45,4.111,104
2021-04-24T00:00:00.000Z,0.98,20.3,3.97,2.45,6.7,4.462,127
2021-04-25T00:00:00.000Z,0.52,11.18,2.08,1.45,3.69,1.853,161
2021-04-26T00:00:00.000Z,1.77,45.67,6.9,4.55,18.75,10.541,129
2021-04-27T00:00:00.000Z,1.92,46.1,6.82,4.38,10.88,6.272,127
2021-04-28T00:00:00.000Z,1.45,12.85,4.59,3.47,5.7,1.96,127
2021-04-29T00:00:00.000Z,2.42,37.29,7.74,5.07,16.7,7.372,118
2021-04-30T00:00:00.000Z,5.57,17.88,10.43,8.3,11.82,2.862,104
2021-05-01T00:00:00.000Z,1.67,48.08,6.26,3.47,13.25,11.064,138
2021-05-02T00:00:00.000Z,2.85,28.83,11.53,7.85,14.45,5.168,134
2021-05-03T00:00:00.000Z,0.43,32.53,14.07,4.29,20.23,8.364,124
2021-05-04T00:00:00.000Z,0.1,5.8,1.25,0.7,2.09,1.157,116
2021-05-05T00:00:00.000Z,1.48,30.48,5.22,3.17,13.14,7.266,124
2021-05-06T00:00:00.000Z,1.23,25.5,8.05,5.28,13.02,5.582,110
2021-05-07T00:00:00.000Z,1.02,32.47,4.69,2.88,9.1,4.811,122
2021-05-08T00:00:00.000Z,1.02,19.23,8.77,7.07,11.27,3.684,124
2021-05-09T00:00:00.000Z,0.5,13.7,3.67,1.25,5.6,2.782,139
2021-05-10T00:00:00.000Z,1.2,19.1,5.23,3.19,8.88,3.911,136
2021-05-11T00:00:00.000Z,2.78,18.85,8.68,6.34,11.72,3.757,120
2021-05-12T00:00:00.000Z,2.35,37.03,18.04,13.55,25.05,7.757,112
2021-05-13T00:00:00.000Z,1.42,21.85,8.65,5.59,12.13,4.425,141
2021-05-14T00:00:00.000Z,4.34,27.15,13,8.52,17.89,6.044,131
2021-05-15T00:00:00.000Z,2.22,30.27,9.57,6.43,19.75,7.211,147
2021-05-16T00:00:00.000Z,1.48,41.7,8.27,4.68,12.55,7.647,146
2021-05-17T00:00:00.000Z,4.2,37.03,17.2,12.51,20.7,6.237,133
2021-05-18T00:00:00.000Z,11,35.9,20.6,17.23,24.4,5.439,112
2021-05-19T00:00:00.000Z,3.72,45.03,10.55,7.19,17.52,7.609,152
2021-05-20T00:00:00.000Z,1.9,21.6,8.14,6.55,10.63,3.568,152
2021-05-21T00:00:00.000Z,0.73,24.08,3.54,1.88,8.93,5.201,142
2021-05-22T00:00:00.000Z,1.65,18.6,5.95,3.85,8.55,3.297,122
2021-05-23T00:00:00.000Z,1.8,15.93,5.3,3.9,7.15,2.444,160
2021-05-24T00:00:00.000Z,0.7,21.17,3.88,2.5,6.8,3.247,143
2021-05-25T00:00:00.000Z,1.08,25.73,6.09,3.05,14.02,6.331,166
2021-05-26T00:00:00.000Z,2.08,33.7,7.4,5.15,11.51,7.098,161
2021-05-27T00:00:00.000Z,7.22,36.85,18.01,14.3,22.88,5.637,150
2021-05-28T00:00:00.000Z,6.28,49.5,20.67,13.5,30.27,9.828,159
2021-05-29T00:00:00.000Z,3.3,25.38,11.57,7.3,17.63,6.033,130
2021-05-30T00:00:00.000Z,1.48,20.7,4.93,4.05,6.55,2.405,164
2021-05-31T00:00:00.000Z,1.73,20.95,5.7,4.12,7.72,3.233,133
2021-06-01T00:00:00.000Z,2.04,47.05,6.07,4.18,10.02,6.508,167
2021-06-02T00:00:00.000Z,2.33,16.82,6.65,4.68,8.63,2.885,139
2021-06-03T00:00:00.000Z,2.67,25.08,7.9,5.9,10.18,3.19,143
2021-06-04T00:00:00.000Z,2.58,21.25,8.34,5.88,11.13,3.583,146
2021-06-05T00:00:00.000Z,1.85,26.38,10.24,7.8,12.88,4.406,156
2021-06-06T00:00:00.000Z,2.15,35.67,10.6,7.53,22.85,8.853,179
2021-06-07T00:00:00.000Z,1.1,26.65,8.64,6.14,12.47,5.062,316
2021-06-08T00:00:00.000Z,4.55,29.1,10.88,9.02,13.15,3.306,227
2021-06-09T00:00:00.000Z,5.7,22.95,10.34,8.78,12.32,2.68,256
2021-06-10T00:00:00.000Z,4.8,24.7,11.55,9.18,14.4,4.034,179
2021-06-11T00:00:00.000Z,8.73,36.79,15.57,12.38,22.05,6.244,175
2021-06-12T00:00:00.000Z,6.9,43.88,22.08,16.39,31.47,9.238,160
2021-06-13T00:00:00.000Z,2.4,36.04,9.86,5.05,14.98,7.906,162
2021-06-14T00:00:00.000Z,3,33.72,8.14,6.1,10.84,4.666,196
2021-06-15T00:00:00.000Z,3.8,29.4,13.08,8.39,17.91,6.056,180
2021-06-16T00:00:00.000Z,1.17,22.42,5.05,3.42,6.72,2.926,169
2021-06-17T00:00:00.000Z,1.2,29.85,8.05,3.8,12.73,5.521,234
2021-06-18T00:00:00.000Z,1.83,35.1,8.85,5.78,14.43,6.226,243
2021-06-19T00:00:00.000Z,2.72,26.83,8.4,5.93,10.69,3.496,273
2021-06-20T00:00:00.000Z,2.78,76.56,9.05,5.82,15.27,7.611,303
2021-06-21T00:00:00.000Z,2.45,27.2,10.55,6.45,15.13,5.738,258
2021-06-22T00:00:00.000Z,8.07,51.55,22.2,16.7,28.2,8.119,222
2021-06-23T00:00:00.000Z,4.57,54.1,23.23,16.64,31.54,10.103,280
2021-06-24T00:00:00.000Z,5.75,62.78,19.67,13.8,30.25,10.339,256
2021-06-25T00:00:00.000Z,4.97,37.28,14.79,12.48,17.77,5.639,292
2021-06-26T00:00:00.000Z,4.78,41.58,14.82,10.82,22.33,8.312,303
2021-06-27T00:00:00.000Z,6.45,171.98,15.65,12.26,27.72,12.575,305
2021-06-28T00:00:00.000Z,3.03,45.7,17.76,13.12,24.98,8.839,280
2021-06-29T00:00:00.000Z,1,20.75,4.07,2.92,5.7,2.219,311
2021-06-30T00:00:00.000Z,1.4,18.14,5.35,3.97,8.65,3.257,291
2021-07-01T00:00:00.000Z,1.35,12.88,4.07,2.85,6.72,2.51,254
2021-07-02T00:00:00.000Z,1.55,24.5,6.14,4.22,9.25,4.449,250
2021-07-03T00:00:00.000Z,2.27,20.63,6.32,5.05,8.25,2.765,326
2021-07-04T00:00:00.000Z,1.63,22.02,7.61,5.4,9.78,3.3,316
2021-07-05T00:00:00.000Z,2.67,20.23,7.69,5.68,9.88,3.251,258
2021-07-06T00:00:00.000Z,4.72,26.15,12.23,9.32,16.11,4.392,289
2021-07-07T00:00:00.000Z,3.45,35.03,12.24,8.27,16.04,5.827,264
2021-07-08T00:00:00.000Z,4.15,44.9,12.52,8.73,16.38,5.29,283
2021-07-09T00:00:00.000Z,4.18,59.35,10.52,7.63,19.59,8.427,329
2021-07-10T00:00:00.000Z,6.8,30.2,15.35,12.32,20.23,5.329,321
2021-07-11T00:00:00.000Z,4.82,114.22,10.43,7.85,15.07,9.239,347
2021-07-12T00:00:00.000Z,4.15,27.98,11.13,7.97,15.15,4.906,255
2021-07-13T00:00:00.000Z,4.38,37.65,11.52,7.99,17.95,7.361,225
2021-07-14T00:00:00.000Z,6.28,36.4,15.68,11.1,24.27,7.463,254
2021-07-15T00:00:00.000Z,7.88,55.8,25.1,19.39,30.77,9.025,306
2021-07-16T00:00:00.000Z,8.1,127.7,15.93,12.23,19.7,9.328,267
2021-07-17T00:00:00.000Z,11.2,38.75,18.76,15.02,24.52,5.938,322
2021-07-18T00:00:00.000Z,9,71.55,22.19,14.82,27.77,9.414,274
2021-07-19T00:00:00.000Z,4.53,54.3,16.34,12.88,23.9,11.413,246
2021-07-20T00:00:00.000Z,1.73,20.9,9.77,4.62,14.21,4.909,253
2021-07-21T00:00:00.000Z,1.73,20.17,4.68,3.45,6.95,3.386,291
2021-07-22T00:00:00.000Z,0.47,16.5,3.78,2.27,5.85,3.02,243
2021-07-23T00:00:00.000Z,2.2,17.39,6,4.88,7.43,2.131,295
2021-07-24T00:00:00.000Z,1,30.7,4.55,2.9,8,5.756,283
2021-07-25T00:00:00.000Z,1.7,35.9,11.05,5.25,17.3,7.457,314
2021-07-26T00:00:00.000Z,2.54,32.4,11.3,7,15.63,6.32,327
2021-07-27T00:00:00.000Z,2.75,33.45,15.08,7.15,18.73,6.724,346
2021-07-28T00:00:00.000Z,9.27,79.15,18.25,15.19,22,8.586,340
2021-07-29T00:00:00.000Z,4.65,36.35,13.55,9.65,18.8,6.553,303
2021-07-30T00:00:00.000Z,6.4,36.65,16.23,10.57,22.35,6.914,242
2021-07-31T00:00:00.000Z,2.58,21.17,10.18,7.23,12.66,3.598,261
2021-08-01T00:00:00.000Z,4.22,24.5,12.01,10,15.07,3.84,246
2021-08-02T00:00:00.000Z,7.85,32.4,16.66,13.1,20.05,4.575,250
2021-08-03T00:00:00.000Z,1.2,20.85,4.59,3,6.75,3.034,251
2021-08-04T00:00:00.000Z,1.5,18.77,5.69,3.89,8.61,3.338,220
2021-08-05T00:00:00.000Z,3.63,22.1,11.89,8.82,14.7,4.043,244
2021-08-06T00:00:00.000Z,12,45.08,22.15,17.52,27.27,7.052,313
2021-08-07T00:00:00.000Z,10.25,36.47,23.42,19.6,26.84,5.172,321
2021-08-08T00:00:00.000Z,7.35,38.04,18.02,13.55,22.58,5.891,290
2021-08-09T00:00:00.000Z,10.73,44.38,20.55,17.64,23.83,4.94,224
2021-08-10T00:00:00.000Z,9.13,43.55,19.73,17.3,22.33,4.561,294
2021-08-11T00:00:00.000Z,12.38,35.67,19.7,17.63,22.3,4.009,231
2021-08-12T00:00:00.000Z,7.4,56.42,16.25,11.82,33.53,13.253,289
2021-08-13T00:00:00.000Z,2.15,24.75,7.35,5.42,10,3.579,533
2021-08-14T00:00:00.000Z,3.72,23.2,12.55,9.34,14.92,3.737,444
2021-08-15T00:00:00.000Z,4.25,27.02,11.38,9.15,14.4,3.756,462
2021-08-16T00:00:00.000Z,4.53,24.42,11.75,8.06,15.71,4.709,332
2021-08-17T00:00:00.000Z,6.1,36.25,18.13,11.8,21.85,5.93,295
2021-08-18T00:00:00.000Z,9.5,44.38,24.34,19.1,30.55,7.668,454
2021-08-19T00:00:00.000Z,3,46.45,11.52,8.73,16.35,8.048,535
2021-08-20T00:00:00.000Z,2.38,43.28,9.39,7.23,12.15,4.492,496
2021-08-21T00:00:00.000Z,2.1,27.77,7.5,5.4,10.82,4.372,542
2021-08-22T00:00:00.000Z,1.35,28.3,8.07,4.09,11.91,5.743,512
2021-08-23T00:00:00.000Z,0.85,19.13,5.88,3.26,8.48,3.618,549
2021-08-24T00:00:00.000Z,2.08,20.05,8.44,5.78,10.79,3.315,496
2021-08-25T00:00:00.000Z,6.47,25.77,12.72,10.45,14.97,3.186,520
2021-08-26T00:00:00.000Z,7.07,60.13,22.19,17,26.55,7.103,386
2021-08-27T00:00:00.000Z,4.68,69.88,21.83,12.53,39.65,16.831,401
2021-08-28T00:00:00.000Z,3.65,16.67,7.81,6.38,9.65,2.467,362
2021-08-29T00:00:00.000Z,7.63,38.95,19.47,16.13,23.05,5.299,394
2021-08-30T00:00:00.000Z,13.5,46.38,29.42,22.77,33.42,6.456,526
2021-08-31T00:00:00.000Z,10.77,37.63,23.12,17.29,26.79,5.941,528
2021-09-01T00:00:00.000Z,1.23,30.65,14.38,7.05,19.5,7.682,523
2021-09-02T00:00:00.000Z,0.68,18.89,5.47,3.45,8.01,3.122,521
2021-09-03T00:00:00.000Z,0.5,12.05,3.28,1.94,4.9,2.285,529
2021-09-04T00:00:00.000Z,0.43,56.9,2.67,1.67,4.18,4.244,550
2021-09-05T00:00:00.000Z,1.1,21.88,3.12,2.15,6.21,3.674,444
2021-09-06T00:00:00.000Z,1.08,24.05,4.72,3.41,6.4,2.568,473
2021-09-07T00:00:00.000Z,1.63,17.88,5.82,4.28,7.87,2.758,453
2021-09-08T00:00:00.000Z,2.08,21.02,7.64,5.38,12.18,4.024,554
2021-09-09T00:00:00.000Z,3.45,22.98,10.68,8.13,13.18,3.589,490
2021-09-10T00:00:00.000Z,1.58,25.55,12.05,7.82,16.95,5.509,569
2021-09-11T00:00:00.000Z,5.97,59.38,23.38,16.38,37.83,11.963,570
2021-09-12T00:00:00.000Z,12.5,59.28,25.45,20.32,31.19,10.426,561
2021-09-13T00:00:00.000Z,1.73,32.95,15.1,11.24,21.16,6.716,564
2021-09-14T00:00:00.000Z,0.52,21.13,3.6,2.45,5.25,2.331,578
2021-09-15T00:00:00.000Z,0.7,15.25,3.03,1.95,4.62,2.159,560
2021-09-16T00:00:00.000Z,0.8,20.95,4.18,2.72,7.07,4.224,563
2021-09-17T00:00:00.000Z,3.85,49,10.68,8.19,17.69,6.494,564
2021-09-18T00:00:00.000Z,1.58,31.3,8.91,6.25,12.6,4.73,558
2021-09-19T00:00:00.000Z,3.85,53.2,10.49,8.1,14.55,4.406,570
2021-09-20T00:00:00.000Z,2.38,19.45,5.18,4.32,6.44,2.826,560
2021-09-21T00:00:00.000Z,1.88,12.2,5.35,4.13,6.6,1.742,571
2021-09-22T00:00:00.000Z,2.75,44.17,8.44,5.38,20.7,10.338,554
2021-09-23T00:00:00.000Z,7.28,84.57,18.05,14.81,23.19,13.001,577
2021-09-24T00:00:00.000Z,3.13,27.77,7.93,5.96,10.9,3.895,568
2021-09-25T00:00:00.000Z,2.25,26.17,12.85,9.1,16.63,4.982,572
2021-09-26T00:00:00.000Z,0.5,22.48,2.52,1.67,4.63,4.723,549
2021-09-27T00:00:00.000Z,4.2,29.33,12.42,9.82,16.6,4.613,466
2021-09-28T00:00:00.000Z,2.52,38.4,11.65,7.99,19.14,7.518,561
2021-09-29T00:00:00.000Z,6.38,43.2,20.65,14.94,24.38,6.979,561
2021-09-30T00:00:00.000Z,4.28,42.5,19.39,13.73,24.2,6.95,555
2021-10-01T00:00:00.000Z,15.68,56.38,27.4,23.67,32.95,6.485,547
2021-10-02T00:00:00.000Z,23.83,60.38,38.58,33.03,43.79,7.011,553
2021-10-03T00:00:00.000Z,17.57,91.97,41.5,33.22,66.84,19.356,565
2021-10-04T00:00:00.000Z,15.68,78,30.92,24.17,41.22,14.419,567
2021-10-05T00:00:00.000Z,4.47,46.58,13.13,8.4,28.05,10.824,581
2021-10-06T00:00:00.000Z,5.25,29.17,13.3,9.66,17.6,5.074,577
2021-10-07T00:00:00.000Z,9.07,52.35,21.98,17.6,28.08,7.122,566
2021-10-08T00:00:00.000Z,7.93,104.05,38.46,20.67,50.4,19.377,560
2021-10-09T00:00:00.000Z,4.9,94.57,46.35,21.6,57.73,22.101,553
2021-10-10T00:00:00.000Z,6.15,66.75,34.97,17.94,42.47,14.825,568
2021-10-11T00:00:00.000Z,7.15,54.55,24.84,19.1,32.25,8.815,574
2021-10-12T00:00:00.000Z,9.43,59.45,29.25,22.7,35.28,9.04,567
2021-10-13T00:00:00.000Z,18.63,68.3,34.04,28.3,46.1,11.729,550
2021-10-14T00:00:00.000Z,3.95,73.05,39.47,31.9,51.83,13.012,559
2021-10-15T00:00:00.000Z,1.3,16.55,6.38,4.38,8.38,2.736,567
2021-10-16T00:00:00.000Z,7.75,29.08,14.02,11.54,16.5,3.575,564
2021-10-17T00:00:00.000Z,4.65,27.13,12.98,10.32,15.6,3.712,571
2021-10-18T00:00:00.000Z,0.45,18.88,3.28,2.1,6.78,3.608,554
2021-10-19T00:00:00.000Z,0.6,11.23,2.67,1.85,3.83,1.753,579
2021-10-20T00:00:00.000Z,1.2,30.52,4.8,3.42,7.3,4.785,559
2021-10-21T00:00:00.000Z,10.15,46.03,18.72,16.05,23.2,6.373,558
2021-10-22T00:00:00.000Z,0.3,24.02,4.45,2.33,14.05,6.393,566
2021-10-23T00:00:00.000Z,1.2,23.45,5.7,4.09,7.45,2.629,559
2021-10-24T00:00:00.000Z,0.38,14.55,2.95,1.63,4.57,2.071,553
2021-10-25T00:00:00.000Z,2.65,24.92,7.1,5.68,9.09,2.83,564
2021-10-26T00:00:00.000Z,4.5,28.85,11.24,9.23,13.3,3.27,550
2021-10-27T00:00:00.000Z,7.32,34.33,16.72,14.02,20.35,4.449,554
2021-10-28T00:00:00.000Z,0.6,30.75,9.57,3.6,15.52,6.763,532
2021-10-29T00:00:00.000Z,2.52,29.35,9.34,6.8,12.25,4.811,558
2021-10-30T00:00:00.000Z,5.38,41.42,14.78,10.29,26.39,8.6,572
2021-10-31T00:00:00.000Z,8.94,62.1,29.77,23.1,41.15,12.52,543
2021-11-01T00:00:00.000Z,28.52,830.97,51.7,44.03,146.1,113.645,535
2021-11-02T00:00:00.000Z,40.08,499,106.27,58.47,159.18,68.392,500
2021-11-03T00:00:00.000Z,13.05,76.28,46.5,35.22,58.63,13.87,530
2021-11-04T00:00:00.000Z,5.45,56.6,18.7,12.81,27.2,10.669,561
2021-11-05T00:00:00.000Z,5.82,74.47,40.69,13.62,54.16,20.237,564
2021-11-06T00:00:00.000Z,0.55,20.05,4.55,3.22,6.13,3.58,557
2021-11-07T00:00:00.000Z,0.05,20,4.15,1.25,9.55,4.664,543
2021-11-08T00:00:00.000Z,0.4,22.2,10.93,7.57,13.54,5.186,461
2021-11-09T00:00:00.000Z,0.17,11.05,2.46,1.52,3.66,1.842,548
2021-11-10T00:00:00.000Z,1.14,17.14,4.97,3.67,6.74,2.406,528
2021-11-11T00:00:00.000Z,3.78,53.95,16.75,7.84,27.04,11.111,520
2021-11-12T00:00:00.000Z,0.82,44.35,16.64,3.13,25.76,11.88,501
2021-11-13T00:00:00.000Z,0.6,16.05,3.92,2.25,5.53,2.705,551
2021-11-14T00:00:00.000Z,0.7,22.13,6.78,4.59,8.63,3.061,546
2021-11-15T00:00:00.000Z,0.22,16.85,2.96,1.55,5.07,2.719,544
2021-11-16T00:00:00.000Z,0.95,22.98,5.65,3.34,7.65,3.306,529
2021-11-17T00:00:00.000Z,5.28,33.88,18.25,11.15,24.38,7.58,402
2021-11-18T00:00:00.000Z,14.95,65.4,45,34.4,50.58,11.73,498
2021-11-19T00:00:00.000Z,4.07,51.47,23.13,16.92,33.53,10.922,473
2021-11-20T00:00:00.000Z,0.5,15.2,2.9,1.88,4.34,2.126,496
2021-11-21T00:00:00.000Z,0.38,29.05,4.59,2.7,9.1,5.97,559
2021-11-22T00:00:00.000Z,0.35,15.82,3.53,2.39,5.07,2.443,540
2021-11-23T00:00:00.000Z,2.58,26.9,8.5,5.82,11.57,3.943,550
2021-11-24T00:00:00.000Z,1.4,31,8.73,6.68,11.19,4.006,553
2021-11-25T00:00:00.000Z,0.88,36.7,7.75,5.45,11.68,4.501,551
2021-11-26T00:00:00.000Z,11.3,46.22,24.7,20.76,33.46,7.422,568
2021-11-27T00:00:00.000Z,8.02,64.13,30.73,18.78,37.63,11.265,548
2021-11-28T00:00:00.000Z,6.47,41.47,16.8,11.25,23,6.803,547
2021-11-29T00:00:00.000Z,0.8,74.38,31.93,11.82,53.35,21.035,542
2021-11-30T00:00:00.000Z,0.17,13.45,1.5,0.93,2.47,1.499,510
2021-12-01T00:00:00.000Z,1.1,9.98,3.83,2.87,5.19,1.799,416
2021-12-02T00:00:00.000Z,1,37.65,7.9,4.5,17.64,9.27,433
2021-12-03T00:00:00.000Z,12.07,28.8,19.73,17.39,21.92,3.288,241
2021-12-04T00:00:00.000Z,0.88,15.77,5.68,4.05,7.77,3.157,521
2021-12-05T00:00:00.000Z,7.93,58.28,31.17,26.13,35.5,9.19,499
2021-12-06T00:00:00.000Z,22.4,119.97,43.62,34.08,53.08,14.077,548
2021-12-07T00:00:00.000Z,7.95,56.3,22.85,18.52,27.52,8.798,539
2021-12-08T00:00:00.000Z,11.23,47.05,25.63,20.42,32.34,7.671,525
2021-12-09T00:00:00.000Z,8.13,61.58,17.88,13.8,21.88,5.969,541
2021-12-10T00:00:00.000Z,11.77,44.5,24.2,19.73,29.01,6.334,508
2021-12-11T00:00:00.000Z,10.25,54.63,24.35,20.63,30.49,8.618,533
2021-12-12T00:00:00.000Z,27.1,108.05,51.07,40.6,73.34,19.25,466
2021-12-13T00:00:00.000Z,29.85,94.75,52.25,43.52,59.02,12.884,456
2021-12-14T00:00:00.000Z,30.05,107.9,58.83,49.4,68.56,16.653,474
2021-12-15T00:00:00.000Z,7.3,84.7,22.02,17.67,30.16,16.283,525
2021-12-16T00:00:00.000Z,0.93,18.2,7.03,5.05,8.96,3.018,520
2021-12-17T00:00:00.000Z,0.98,19.57,6.9,4.59,8.9,3.311,517
2021-12-18T00:00:00.000Z,0.55,13.88,4.32,2.6,6.13,2.313,510
2021-12-19T00:00:00.000Z,1.1,48.65,4.59,3.35,6.4,3.435,530
2021-12-20T00:00:00.000Z,0.65,14.43,3.75,2.54,4.97,2.117,511
2021-12-21T00:00:00.000Z,0.6,27.63,4.75,3.15,6.8,2.992,538
2021-12-22T00:00:00.000Z,0.52,24.85,7.17,4.23,10.68,4.385,528
2021-12-23T00:00:00.000Z,0.98,22.17,8.15,6.14,10.29,3.295,505
2021-12-24T00:00:00.000Z,1.85,47.67,15.65,9.93,23.3,8.422,522
2021-12-25T00:00:00.000Z,0.7,47.55,8.07,3.4,28.3,12.953,523
2021-12-26T00:00:00.000Z,0.77,17.88,4.9,3.33,6.6,2.414,534
2021-12-27T00:00:00.000Z,1.3,22.52,9.5,6.77,12.42,3.929,557
2021-12-28T00:00:00.000Z,7.1,90.68,18.89,14.68,42.44,15.232,544
2021-12-29T00:00:00.000Z,29.98,98.9,55.4,48.25,65.75,14.422,551
2021-12-30T00:00:00.000Z,26.8,63.83,43.08,38.38,46.53,6.073,539
2021-12-31T00:00:00.000Z,25.2,133,40.79,34.78,49.45,16.242,551
2022-01-01T00:00:00.000Z,0.95,78,11.13,6.84,22.89,10.897,533
2022-01-02T00:00:00.000Z,1.12,14.15,4.95,3.74,6.44,2.187,497
2022-01-03T00:00:00.000Z,3.97,77.55,23.64,12.75,35.67,13.209,542
2022-01-04T00:00:00.000Z,21.77,63.78,34.59,31.1,38.15,7.42,548
2022-01-05T00:00:00.000Z,17.2,67.03,37.27,29.52,43.41,9.097,556
2022-01-06T00:00:00.000Z,0.93,34.45,8.6,6.19,11.62,4.209,568
2022-01-07T00:00:00.000Z,0.5,11.55,2.67,1.91,3.74,1.58,552
2022-01-08T00:00:00.000Z,0.73,30.17,6.82,3.45,16.6,7.306,527
2022-01-09T00:00:00.000Z,8.38,105.85,19.63,13.72,25.58,10.088,521
2022-01-10T00:00:00.000Z,7.2,40.92,16.57,13.24,22.98,6.718,525
2022-01-11T00:00:00.000Z,1.95,23.8,7.89,6.4,10.19,3.036,550
2022-01-12T00:00:00.000Z,1.7,25.4,9.57,6.78,12.82,4.191,555
2022-01-13T00:00:00.000Z,3.58,38.2,15.95,12.07,21.1,6.331,545
2022-01-14T00:00:00.000Z,0.32,12.82,2.58,1.51,4.28,2.205,533
2022-01-15T00:00:00.000Z,0.4,10.57,2.62,1.77,3.99,1.592,552
2022-01-16T00:00:00.000Z,0.4,15.27,3.47,2.27,5.28,2.401,543
2022-01-17T00:00:00.000Z,1.02,36.15,18.55,7.53,23.85,8.608,554
2022-01-18T00:00:00.000Z,0.82,36.08,4.57,3.13,7.11,7.547,409
2022-01-19T00:00:00.000Z,2,24.02,9.35,6.73,11.52,3.381,425
2022-01-20T00:00:00.000Z,5.2,41.4,21.02,14.25,27.7,8.491,431
2022-01-21T00:00:00.000Z,24.33,69.56,39.79,34.65,48.3,9.606,386
2022-01-22T00:00:00.000Z,20.77,67.34,43.67,33.58,51.08,10.429,442
2022-01-23T00:00:00.000Z,28.4,109.95,43.58,39.65,47.94,6.925,516
2022-01-24T00:00:00.000Z,20.17,57.08,31.45,28.05,37.4,7.195,542
2022-01-25T00:00:00.000Z,10.15,53.58,26.92,19.6,35.79,9.969,534
2022-01-26T00:00:00.000Z,2.67,51.88,12.27,8.26,25.13,11.683,516
2022-01-27T00:00:00.000Z,2.38,23.23,7.45,5.94,9.72,2.946,552
2022-01-28T00:00:00.000Z,8.19,85.03,39.47,18.35,67.72,24.827,547
2022-01-29T00:00:00.000Z,19.35,110.7,72.63,64.39,82.64,18.325,564
2022-01-30T00:00:00.000Z,2.15,37,9.44,5.57,21,8.848,547
2022-01-31T00:00:00.000Z,26.33,69.22,40.08,35.54,47.85,9.137,551
2022-02-01T00:00:00.000Z,2.42,60.13,16.45,5.95,38.2,17.03,529
2022-02-02T00:00:00.000Z,3.7,33.95,10.15,7.6,13.87,4.593,521
2022-02-03T00:00:00.000Z,18.05,79.63,43.71,31.1,58.97,15.76,510
2022-02-04T00:00:00.000Z,15.77,100.43,50.13,40.22,60.44,15.06,541
2022-02-05T00:00:00.000Z,17.39,77.28,38.4,32.72,48.19,10.693,556
2022-02-06T00:00:00.000Z,27.25,82.55,51.74,39.92,60.63,11.641,562
2022-02-07T00:00:00.000Z,17.17,65.28,30.25,25.8,36.92,8.154,558
2022-02-08T00:00:00.000Z,0.38,41.75,7.35,3.32,15.38,11.762,552
2022-02-09T00:00:00.000Z,0.3,27.1,6.13,3.6,9.65,3.997,523
2022-02-10T00:00:00.000Z,1.05,29.77,4.72,3.25,6.82,3.03,523
2022-02-11T00:00:00.000Z,2.02,20.98,6.87,4.94,9.03,2.966,536
2022-02-12T00:00:00.000Z,0.5,23.05,3.9,2.65,5.99,2.673,556
2022-02-13T00:00:00.000Z,0.63,15.82,5.54,3.88,7.75,2.757,572
2022-02-14T00:00:00.000Z,2.38,25.8,12.01,6.9,15.4,4.875,562
2022-02-15T00:00:00.000Z,4.97,32.7,15.23,12.2,18.13,4.268,577
2022-02-16T00:00:00.000Z,6.18,42.3,26.05,20.42,30.25,7.434,567
2022-02-17T00:00:00.000Z,16.67,75.06,32.5,23.6,42.17,10.812,575
2022-02-18T00:00:00.000Z,0.7,29.67,4.59,3.05,11.07,5.979,575
2022-02-19T00:00:00.000Z,1.83,32.75,6.29,4.93,8.48,3.193,570
2022-02-20T00:00:00.000Z,0.38,19.48,2.46,1.65,3.55,1.891,568
2022-02-21T00:00:00.000Z,2.6,29.7,9.52,6.7,16.84,6.443,580
2022-02-22T00:00:00.000Z,1.23,14.75,4.34,3,6.2,2.418,584
2022-02-23T00:00:00.000Z,0.73,11.4,2.76,1.94,4.05,1.646,576
2022-02-24T00:00:00.000Z,2.04,30.2,6.65,4.95,8.94,3.38,565
2022-02-25T00:00:00.000Z,4.59,31.92,15.12,10.95,18.92,5.547,560
2022-02-26T00:00:00.000Z,1.38,33.38,11.9,7.25,15.25,5.319,579
2022-02-27T00:00:00.000Z,0.8,17.27,4.9,3.28,6.75,2.686,578
2022-02-28T00:00:00.000Z,2.6,38.45,11.65,7.95,16.39,6.403,487
2022-03-01T00:00:00.000Z,3.85,61.75,19.67,11.23,27.13,10.015,531
2022-03-02T00:00:00.000Z,2.78,45.58,17.27,12.81,22.83,7.169,560
2022-03-03T00:00:00.000Z,2.95,77.5,17.95,12.19,26.54,10.91,569
2022-03-04T00:00:00.000Z,1.1,34.95,9.23,5.3,16.92,7.542,574
2022-03-05T00:00:00.000Z,1.8,17.7,5.75,4.34,7.77,2.668,581
2022-03-06T00:00:00.000Z,1.52,29.5,7.27,4.47,11.56,5.162,548
2022-03-07T00:00:00.000Z,0.98,61.65,6.02,3.92,9.64,5.523,580
2022-03-08T00:00:00.000Z,4.95,22.83,9.18,8.02,10.77,2.309,566
2022-03-09T00:00:00.000Z,2.95,27.27,8.75,6.88,11.64,3.746,573
2022-03-10T00:00:00.000Z,2.63,46.17,7.54,5.63,9.9,4.315,570
2022-03-11T00:00:00.000Z,2.67,38.75,12.05,8.46,17.97,6.888,568
2022-03-12T00:00:00.000Z,5.3,34.72,14.4,11.63,17.87,4.328,568
2022-03-13T00:00:00.000Z,2.72,208.32,9.3,7.35,11.48,14.582,560
2022-03-14T00:00:00.000Z,1.02,35.22,6.7,4.28,10.83,6.24,572
2022-03-15T00:00:00.000Z,0.55,25.1,4.43,2.9,6.95,3.446,574
2022-03-16T00:00:00.000Z,6.35,36.92,14.71,11.42,19,5.635,568
2022-03-17T00:00:00.000Z,3.42,46.7,15.46,10.9,20.42,7.331,570
2022-03-18T00:00:00.000Z,3.72,45.75,16.8,10.97,23.25,7.987,541
2022-03-19T00:00:00.000Z,3.55,42.75,16.89,11.55,21.67,7.04,577
2022-03-20T00:00:00.000Z,1.95,33.29,12.78,7.75,19.55,7.25,562
2022-03-21T00:00:00.000Z,3.03,59.7,12.96,9.28,18.25,7.297,544
2022-03-22T00:00:00.000Z,1.1,36.29,13.74,5.56,18.57,7.76,580
2022-03-23T00:00:00.000Z,2.67,73.59,16.82,10.63,26.33,11.78,559
2022-03-24T00:00:00.000Z,5.85,81.72,33.03,21.87,44.34,14.482,557
2022-03-25T00:00:00.000Z,11.7,63.65,26.33,19.2,36.03,11.95,574
2022-03-26T00:00:00.000Z,0.4,33.04,6.35,2.2,16.59,8.635,573
2022-03-27T00:00:00.000Z,0.22,17.05,1.89,1.02,2.95,1.71,560
2022-03-28T00:00:00.000Z,0.6,21.02,4.95,2.88,8.82,4.182,579
2022-03-29T00:00:00.000Z,0.55,15.38,5.53,2.52,8.52,3.627,562
2022-03-30T00:00:00.000Z,0.95,65.06,7.07,4.19,10.92,5.32,564
2022-03-31T00:00:00.000Z,4.68,48.4,18.95,12.83,28.12,8.741,580
2022-04-01T00:00:00.000Z,2.54,31.6,8.4,5.93,12.07,6.067,547
2022-04-02T00:00:00.000Z,3,17.98,7.54,5.47,9.38,2.635,510
2022-04-03T00:00:00.000Z,2.1,17.63,5.28,4.18,6.85,2.747,566
2022-04-04T00:00:00.000Z,1.3,37.25,6.82,4.32,11.15,5.043,578
2022-04-05T00:00:00.000Z,2.85,42.55,8.55,6.32,15.18,7.232,570
2022-04-06T00:00:00.000Z,0.47,20.42,3.05,1.44,5.55,3.674,577
2022-04-07T00:00:00.000Z,5.47,38.13,14.74,10.93,21.23,6.18,572
2022-04-08T00:00:00.000Z,5.22,28.15,13.38,10.98,16.1,3.533,576
2022-04-09T00:00:00.000Z,2.1,18.64,7.15,5.4,9.35,3.034,552
2022-04-10T00:00:00.000Z,0.8,42.13,14.77,6.65,19.98,8.789,555
2022-04-11T00:00:00.000Z,1.67,15.6,5.96,4.13,8.56,2.989,568
2022-04-12T00:00:00.000Z,1.3,34.65,15.93,10.07,23.83,9.073,579
2022-04-13T00:00:00.000Z,1.1,25.23,10.13,4.82,13.5,4.976,566
2022-04-14T00:00:00.000Z,0.8,10.18,3.75,2.94,5.15,1.731,257
2022-04-16T00:00:00.000Z,1.05,21.52,3.57,2.74,4.76,1.888,368
2022-04-17T00:00:00.000Z,0.63,21.92,4.32,3.1,6.1,2.752,576
2022-04-18T00:00:00.000Z,2.47,51.95,6.71,5,9.35,4.006,566
2022-04-19T00:00:00.000Z,1.9,27.92,7.4,5.9,9.73,3.434,563
2022-04-20T00:00:00.000Z,2.27,23.9,5.95,4.42,8.25,3.233,557
2022-04-21T00:00:00.000Z,1.92,33.79,7.2,4.68,14.77,8.15,565
2022-04-22T00:00:00.000Z,12.02,56.97,28.88,20.55,37.95,10.29,570
2022-04-23T00:00:00.000Z,6.15,62.58,26.54,21.05,38.74,12.482,564
2022-04-24T00:00:00.000Z,6.82,38.29,22.44,17.67,27.13,6.79,334
2022-04-25T00:00:00.000Z,4,31.15,12.23,9.41,19.05,6.093,244
2022-04-26T00:00:00.000Z,2.02,39.47,6.2,4.38,11.88,8.232,547
2022-04-27T00:00:00.000Z,0.95,12.95,4.53,3.08,6.2,2.206,559
2022-04-28T00:00:00.000Z,2.02,27.3,5.56,4.3,7.57,3.054,502
2022-04-29T00:00:00.000Z,1.48,35.7,6.88,4.4,13.39,7.795,397
2022-04-30T00:00:00.000Z,2,35.17,9.27,4.05,20.38,8.728,198
2022-05-01T00:00:00.000Z,1.3,38.04,7.7,4.74,22.03,9.954,252
2022-05-02T00:00:00.000Z,4.5,27.67,10.07,7.57,13.38,4.314,173
2022-05-03T00:00:00.000Z,1.17,18.27,7.5,4.98,9.76,3.456,420
2022-05-04T00:00:00.000Z,0.63,17.23,3.3,2.29,4.38,1.958,395
2022-05-05T00:00:00.000Z,0.75,39.58,3.6,2.38,8.57,5.655,361
2022-05-06T00:00:00.000Z,3.4,20.9,8.52,6.94,10.54,3.046,365
2022-05-07T00:00:00.000Z,3.47,18.64,8.24,6.52,10.06,2.783,188
2022-05-08T00:00:00.000Z,1.8,29.65,4.43,3.22,7.72,6.218,155
2022-05-09T00:00:00.000Z,0.8,55.38,3.17,2.27,4.47,5.407,507
2022-05-10T00:00:00.000Z,0.5,11.02,2.76,1.77,3.8,1.777,352
2022-05-11T00:00:00.000Z,0.82,39.88,4.8,2.86,10.71,5.674,345
2022-05-12T00:00:00.000Z,0.63,23.55,9.9,5.3,12.77,4.815,359
2022-05-13T00:00:00.000Z,0.73,11.75,3.25,2.22,4.57,1.899,211
2022-05-14T00:00:00.000Z,0.88,15.3,5.09,3.33,7.22,2.631,466
2022-05-15T00:00:00.000Z,0.63,18.14,4.43,3.08,6.5,2.528,516
2022-05-16T00:00:00.000Z,0.4,19.45,2,1.35,3.12,2.11,192
2022-05-17T00:00:00.000Z,1.3,8.32,2.5,2,3.53,1.335,86
2022-05-18T00:00:00.000Z,0.65,12.43,3.11,1.89,5.08,2.217,296
2022-05-19T00:00:00.000Z,1.6,16,6.05,4.62,8.21,2.848,344
2022-05-20T00:00:00.000Z,1.1,26.85,4.47,2.4,8.23,3.941,312
2022-05-21T00:00:00.000Z,3.42,25.97,11.02,6.43,15.9,5.704,239
2022-05-22T00:00:00.000Z,2.17,16.57,5.82,4.65,7.1,2.096,367
2022-05-23T00:00:00.000Z,1.52,16.05,6.27,4.43,8.25,2.559,322
2022-05-24T00:00:00.000Z,1.05,16.32,4.37,2.96,6.5,2.878,344
2022-05-25T00:00:00.000Z,1.33,20.9,3.94,2.75,5.93,3.018,334
2022-05-26T00:00:00.000Z,2.58,27.9,9.9,7.56,11.92,3.64,317
2022-05-27T00:00:00.000Z,1.12,14.15,4.5,3.14,6.09,2.237,272
2022-05-28T00:00:00.000Z,1.38,18.48,5.72,3.95,8.23,3.112,495
2022-05-29T00:00:00.000Z,0.8,19.3,4.05,2.9,5.7,2.359,314
2022-05-30T00:00:00.000Z,1.08,24.33,7.21,5.09,9.41,3.829,288
2022-05-31T00:00:00.000Z,4.95,86.7,16.57,9.99,30.01,17.012,369
2022-06-01T00:00:00.000Z,3.28,82.63,13.52,9.44,27.85,18.632,383
2022-06-02T00:00:00.000Z,5.05,23.8,10.43,8.57,11.6,3.411,65
2022-06-03T00:00:00.000Z,1.7,20.75,8.06,6.1,10.19,3.563,290
2022-06-04T00:00:00.000Z,1.6,26.92,6.7,4.05,11.31,5.157,429
2022-06-05T00:00:00.000Z,0.98,31.15,4.43,2.91,7.44,6.267,437
2022-06-06T00:00:00.000Z,1.14,27.5,6.32,4.84,8.13,3.121,279
2022-06-07T00:00:00.000Z,0.5,29.17,4.47,2.63,8.77,5.207,374
2022-06-08T00:00:00.000Z,1.2,31.42,9.63,4.3,14.05,6.295,336
2022-06-09T00:00:00.000Z,2.4,41.35,11.32,5.8,19.7,8.369,357
2022-06-10T00:00:00.000Z,3.25,26.83,10.44,7.2,13.85,4.664,324
2022-06-11T00:00:00.000Z,2.33,43.67,18.3,14.32,21.5,7.252,218
2022-06-12T00:00:00.000Z,4.59,35.17,10.5,8.32,14.47,6.079,481
2022-06-13T00:00:00.000Z,3.9,27.05,10.4,7.9,14.3,4.398,439
2022-06-14T00:00:00.000Z,3.25,43.22,13.23,7,23.67,10.721,231
2022-06-15T00:00:00.000Z,1.35,58.42,3.95,2.71,5.74,4.369,233
2022-06-16T00:00:00.000Z,0.68,21.05,3.9,2.63,6.53,3.18,441
2022-06-17T00:00:00.000Z,0,35.78,0,0,4.72,3.896,280
2022-06-18T00:00:00.000Z,0,35.03,3.4,1.1,6.74,3.764,304
2022-06-19T00:00:00.000Z,1.38,13.23,5.05,3.6,6.85,2.488,271
2022-06-20T00:00:00.000Z,2.02,24.75,6.17,4.43,8.11,2.731,228
2022-06-21T00:00:00.000Z,5.3,29.48,12.62,9.82,14.4,3.942,190
2022-06-22T00:00:00.000Z,1.95,20.35,6.79,5.81,8.34,3.041,176
2022-06-23T00:00:00.000Z,1.38,21.17,5.69,4.03,7.78,3.246,154
2022-06-24T00:00:00.000Z,1.9,26.83,5.96,3.83,9.35,3.904,398
2022-06-25T00:00:00.000Z,2.8,30.92,9.77,6.32,13.6,5.212,315
2022-06-26T00:00:00.000Z,4.38,40.22,18.75,12.15,22.2,7.105,174
2022-06-27T00:00:00.000Z,5.13,29.33,14.48,10.5,18.3,4.905,313
2022-06-28T00:00:00.000Z,1.48,24.05,9.44,5.3,14.1,5.357,267
2022-06-29T00:00:00.000Z,2.52,32.65,10.8,6.38,14.93,5.609,235
2022-06-30T00:00:00.000Z,1.1,22.48,4.97,3.25,7.32,3.405,390
2022-07-01T00:00:00.000Z,1.35,24.33,6.15,4.5,8.55,3.781,432
2022-07-02T00:00:00.000Z,4.53,26.33,12.1,8.73,15.35,4.671,219
2022-07-03T00:00:00.000Z,2.27,19.57,6.99,4.84,9.05,3.386,508
2022-07-04T00:00:00.000Z,4.2,27.27,10.18,7.2,13.25,4.28,407
2022-07-05T00:00:00.000Z,8.35,43.45,16.77,13.35,22,6.152,344
2022-07-06T00:00:00.000Z,6.1,38.63,15.95,12.22,22.32,7.258,461
2022-07-07T00:00:00.000Z,6.97,23.35,14.45,11.63,16.64,3.529,279
2022-07-08T00:00:00.000Z,0.8,23.75,2.89,1.77,6.67,4.836,420
2022-07-09T00:00:00.000Z,2.88,24.15,13.02,8.11,16.97,5.446,213
2022-07-10T00:00:00.000Z,3.85,17.32,9.69,8.02,11.98,2.836,193
2022-07-11T00:00:00.000Z,2.65,25.8,8.32,6.6,10.07,2.955,550
2022-07-12T00:00:00.000Z,1.4,19.23,6.15,4.55,8.75,3.216,551
2022-07-13T00:00:00.000Z,1.27,21.92,7.55,4.3,11.38,4.378,507
2022-07-14T00:00:00.000Z,2.2,46.45,7.22,5.35,10.14,5.649,540
2022-07-15T00:00:00.000Z,1.48,22.48,5.03,3.78,6.55,2.511,471
2022-07-16T00:00:00.000Z,1.23,18.02,6.43,5,8.22,2.646,276
2022-07-17T00:00:00.000Z,0.7,17.75,4.4,2.4,6.5,2.732,543
2022-07-18T00:00:00.000Z,1.45,16.35,4.76,3.55,6.28,2.194,384
2022-07-19T00:00:00.000Z,0.6,13.52,2.97,1.62,5.2,2.425,404
2022-07-20T00:00:00.000Z,0.5,12.8,2.84,1.8,4.53,1.96,374
2022-07-21T00:00:00.000Z,0.7,10.88,3.32,2.38,4.4,1.755,414
2022-07-22T00:00:00.000Z,1.4,16.92,4.65,3.17,6.85,2.721,407
2022-07-23T00:00:00.000Z,4.78,35.35,11.95,8.98,19.6,6.689,267
2022-07-24T00:00:00.000Z,2.38,34.42,9.25,4.47,14.85,6.955,467
2022-07-25T00:00:00.000Z,3.38,21.65,10.25,7.82,12.99,3.451,252
2022-07-26T00:00:00.000Z,7.28,35.33,13.38,10.98,17.55,4.901,557
2022-07-27T00:00:00.000Z,16.8,45.85,28.63,23.98,32.2,5.785,287
2022-07-28T00:00:00.000Z,0,14.38,1.45,0,3.19,2.56,265
2022-07-29T00:00:00.000Z,0.8,13.98,3.1,2.2,4.42,1.992,561
2022-07-30T00:00:00.000Z,0.52,31.92,4.05,2.2,7.63,6.809,566
2022-07-31T00:00:00.000Z,1.05,27.4,5.43,3,10.19,5.425,569
2022-08-01T00:00:00.000Z,2.42,22.35,6.69,5.21,8.98,2.806,512
2022-08-02T00:00:00.000Z,2.2,28.77,8.63,5.22,13.38,5.557,539
2022-08-03T00:00:00.000Z,4.15,38.15,13.4,9.5,17.42,5.005,547
2022-08-04T00:00:00.000Z,3.63,37.47,15.78,9.5,23.29,8.201,448
2022-08-05T00:00:00.000Z,6.78,50.53,17.97,12.08,26.12,8.561,560
2022-08-06T00:00:00.000Z,4.82,33.25,14.72,10.7,19.45,5.7,546
2022-08-07T00:00:00.000Z,3.35,29.6,11.18,7.69,13.73,4.396,433
2022-08-08T00:00:00.000Z,2.4,25.63,7.35,5.46,9.53,3.222,504
2022-08-09T00:00:00.000Z,1.1,14.52,4.13,2.9,6,2.421,562
2022-08-10T00:00:00.000Z,1.08,12.27,4,3,5.72,2.151,463
2022-08-11T00:00:00.000Z,1.58,37.1,6.45,4.05,10.79,5.289,452
2022-08-12T00:00:00.000Z,1.23,30,7.18,3.38,13.31,6.232,557
2022-08-13T00:00:00.000Z,2.04,38.97,11.55,7.93,16.7,6.636,576
2022-08-14T00:00:00.000Z,4.9,39,14.6,9.94,20.38,7.055,540
2022-08-15T00:00:00.000Z,4.57,31.23,13.95,9.98,19,5.721,443
2022-08-16T00:00:00.000Z,4.18,27.65,12.68,8.64,17.45,5.444,577
2022-08-17T00:00:00.000Z,6.6,35.67,16.07,12.49,19.54,5.559,421
2022-08-18T00:00:00.000Z,2.8,164,12.17,8.05,19.76,33.606,464
2022-08-19T00:00:00.000Z,3.8,41.53,11.8,9,15.05,4.378,570
2022-08-20T00:00:00.000Z,4.32,52.28,16.75,12.3,25.8,9.772,531
2022-08-21T00:00:00.000Z,3.22,74.59,27.38,14.98,49.72,18.775,515
2022-08-22T00:00:00.000Z,5.9,87.7,22.92,14.63,60.06,23.989,336
2022-08-23T00:00:00.000Z,5.57,78.84,27.73,16.79,34.84,13.973,525
2022-08-24T00:00:00.000Z,2.85,55.35,16.55,11.27,26.99,10.84,464
2022-08-25T00:00:00.000Z,6.38,55.8,22.87,11.48,32.79,11.971,500
2022-08-26T00:00:00.000Z,6.6,54.55,23.85,14.3,31.15,9.874,539
2022-08-27T00:00:00.000Z,13.5,91.55,38.49,29.7,53.7,19.559,538
2022-08-28T00:00:00.000Z,16,130.19,64.06,44.5,72.54,22.17,532
2022-08-29T00:00:00.000Z,8.25,94.53,20.82,15.8,43.55,18.801,522
2022-08-30T00:00:00.000Z,8.9,33.47,18.95,16.04,22.3,4.648,420
2022-08-31T00:00:00.000Z,0.3,18.73,4.09,1.75,9.94,4.564,513
2022-09-01T00:00:00.000Z,0.3,18.42,2.04,1.24,3.58,2.189,488
2022-09-02T00:00:00.000Z,0.2,11.13,1.9,0.88,3.1,1.71,469
2022-09-03T00:00:00.000Z,0.63,25.98,4.69,2.65,6.7,3.288,398
2022-09-04T00:00:00.000Z,0.6,21.45,4.4,2.6,8.69,4.212,228
2022-09-05T00:00:00.000Z,0.8,16.1,3.35,2.33,5.31,2.755,333
2022-09-06T00:00:00.000Z,0.98,30.02,3.65,2.63,5.03,2.15,524
2022-09-07T00:00:00.000Z,1.08,42.22,4.9,3.66,6.28,3.061,509
2022-09-08T00:00:00.000Z,0.75,14.52,5.22,3.63,6.63,2.144,343
2022-09-09T00:00:00.000Z,0.5,41.25,5.53,3.58,16.1,8.953,515
2022-09-10T00:00:00.000Z,2.38,67.25,16.27,7.94,22.66,10.434,508
2022-09-11T00:00:00.000Z,2.52,377.15,11.77,7.52,25.67,20.182,505
2022-09-12T00:00:00.000Z,5.22,27.25,11.67,9.56,14.19,4.314,448
2022-09-13T00:00:00.000Z,2.92,26.67,8.4,6.68,11.88,4.34,481
2022-09-14T00:00:00.000Z,4.68,55.15,13.07,9.98,22.55,10.731,518
2022-09-15T00:00:00.000Z,2.4,58.5,11.55,6.3,22.63,10.707,522
2022-09-16T00:00:00.000Z,9.98,47.47,20.65,17.92,24.2,5.521,483
2022-09-17T00:00:00.000Z,1.6,24.83,7.95,5.6,10.09,3.41,484
2022-09-18T00:00:00.000Z,5.55,43.5,15.99,12.62,21.09,6.683,496
2022-09-19T00:00:00.000Z,0.2,16.92,2,1.17,4.13,3.729,486
2022-09-20T00:00:00.000Z,0.82,41.67,5.57,2.27,11.35,5.638,414
2022-09-21T00:00:00.000Z,2.33,31.9,11.3,8.55,18.3,6.318,445
2022-09-22T00:00:00.000Z,7,30.25,16.48,13.93,18.48,3.75,508
2022-09-23T00:00:00.000Z,3.42,54.78,9.55,7.37,12.04,3.816,505
2022-09-24T00:00:00.000Z,0.3,13.2,2.35,1.35,3.45,1.698,503
2022-09-25T00:00:00.000Z,0.4,36.2,8,2.63,14.12,6.263,505
2022-09-26T00:00:00.000Z,0.82,470.05,8.77,4.28,14.1,56.168,463
2022-09-27T00:00:00.000Z,3.88,377.92,13.6,8.82,37.61,50.644,481
2022-09-28T00:00:00.000Z,2.8,16.63,6.5,4.8,9.09,2.822,485
2022-09-29T00:00:00.000Z,6.57,59.03,18.44,12.16,23.85,8.285,472
2022-09-30T00:00:00.000Z,12.23,45.28,23.25,19.13,28.3,5.82,472
2022-10-01T00:00:00.000Z,5.43,80.68,30.14,24.19,41.88,16.415,440
2022-10-02T00:00:00.000Z,0.25,28.8,5.05,1.88,10.27,6.259,262
2022-10-03T00:00:00.000Z,0.47,32.79,3.12,1.88,9.73,8.615,246
2022-10-04T00:00:00.000Z,0.68,16.07,4.75,2.95,7.21,2.87,316
2022-10-05T00:00:00.000Z,0.6,13.25,3.65,2.75,4.68,1.858,307
2022-10-06T00:00:00.000Z,2.75,25.33,12.49,8.06,17.05,5.284,516
2022-10-07T00:00:00.000Z,2.83,25.3,9.35,7.03,12.33,3.748,506
2022-10-08T00:00:00.000Z,4.22,24.42,11.43,8.93,14.07,3.759,502
2022-10-09T00:00:00.000Z,3.22,25.7,8.32,6.67,10.54,3.315,537
2022-10-10T00:00:00.000Z,1.73,30.77,7.37,5.12,10.83,4.764,516
2022-10-11T00:00:00.000Z,2.63,50.6,13.34,9.01,27.31,11.321,496
2022-10-12T00:00:00.000Z,5.65,47.92,22.52,15.99,29.52,8.794,521
2022-10-13T00:00:00.000Z,2.1,25.73,10.52,7.54,14.35,4.975,537
2022-10-14T00:00:00.000Z,7.78,314.13,17.38,13.81,22.25,42.89,500
2022-10-15T00:00:00.000Z,5.65,61.75,13.5,10.23,18.75,7.146,514
2022-10-16T00:00:00.000Z,4.84,28.27,10.55,8.34,12.65,3.645,408
2022-10-17T00:00:00.000Z,5.03,34.42,18.73,11.54,23.38,6.705,513
2022-10-18T00:00:00.000Z,0.55,33.78,17.1,13.32,21.23,8.499,343
2022-10-21T00:00:00.000Z,3.08,23.5,7.29,5.49,9.63,3.287,216
2022-10-23T00:00:00.000Z,14.57,60.22,24.42,19.98,39.4,12.189,271
2022-10-24T00:00:00.000Z,1.48,37.58,13.42,7.21,18.69,7.372,492
2022-10-25T00:00:00.000Z,4.95,47,18.02,12.95,22.69,6.815,508
2022-10-26T00:00:00.000Z,7.13,34.67,14.97,12.72,17.8,3.913,496
2022-10-27T00:00:00.000Z,10.23,72.03,24.51,17.05,34.63,13.732,502
2022-10-28T00:00:00.000Z,6.43,36.15,19.88,16.25,24.33,5.916,494
2022-10-29T00:00:00.000Z,2.1,64.05,9.77,7.09,13.76,5.719,493
2022-10-30T00:00:00.000Z,0.17,17.48,2.63,1.48,4.3,2.151,495
2022-10-31T00:00:00.000Z,0.4,9.15,1.85,1.25,2.84,1.319,504
2022-11-01T00:00:00.000Z,0.38,21.38,6.02,3.5,9.18,4.15,484
2022-11-02T00:00:00.000Z,2.35,27.05,10.06,6.55,13.34,4.644,476
2022-11-03T00:00:00.000Z,2.04,30,10.85,4.63,15.77,6.335,526
2022-11-04T00:00:00.000Z,1.92,37.83,15.43,11.45,19.73,5.919,498
2022-11-05T00:00:00.000Z,1.92,27.75,9.98,5.5,17.02,6.396,489
2022-11-06T00:00:00.000Z,10.93,59.47,21.48,17.3,26.4,5.943,486
2022-11-07T00:00:00.000Z,11.57,60.38,28.05,19.48,41.36,11.657,517
2022-11-08T00:00:00.000Z,6.5,99.32,27.48,19.41,35.06,11.788,501
2022-11-09T00:00:00.000Z,9.23,42.28,21.92,18.41,27.14,6.768,477
2022-11-10T00:00:00.000Z,18.6,60.58,32.42,24.63,39.67,9.361,443
2022-11-11T00:00:00.000Z,3.65,62.78,14.28,9.8,19.2,10.84,442
2022-11-12T00:00:00.000Z,0.2,18.82,3.24,1.83,7.05,3.772,442
2022-11-13T00:00:00.000Z,0.1,18.98,1.48,0.85,2.38,1.577,466
2022-11-14T00:00:00.000Z,0.1,19.6,4.53,2.39,6.7,3.516,449
2022-11-15T00:00:00.000Z,1.45,40.13,11.69,7.13,16.39,7.414,490
2022-11-16T00:00:00.000Z,6.18,42.88,18.82,14.24,25.45,7.103,497
2022-11-17T00:00:00.000Z,4.32,81.88,11.98,8.44,27.9,13.341,519
2022-11-18T00:00:00.000Z,4.84,23.7,10.65,8.6,13.62,3.452,517
2022-11-19T00:00:00.000Z,9.48,33.6,19.14,16.05,21.9,4.529,486
2022-11-20T00:00:00.000Z,11.68,44.2,24.27,19.23,29.42,7.028,533
2022-11-21T00:00:00.000Z,16.25,50.03,28.48,24.51,33.94,6.386,521
2022-11-22T00:00:00.000Z,4.7,39.4,12.94,9.6,25.45,8.905,510
2022-11-23T00:00:00.000Z,3.33,24.45,9.05,6.82,14.13,4.624,513
2022-11-24T00:00:00.000Z,7.18,41.6,19.3,15.02,23.12,6.404,505
2022-11-25T00:00:00.000Z,6.25,70.09,14.5,12.2,17.13,4.239,485
2022-11-26T00:00:00.000Z,5.47,35.35,18.32,12.85,24.15,6.896,494
2022-11-27T00:00:00.000Z,9,42.15,21.48,17.29,27.97,7.022,509
2022-11-28T00:00:00.000Z,9.55,42.63,20.5,16.5,26.17,6.826,483
2022-11-29T00:00:00.000Z,14.55,55.58,31.23,26.41,35.33,7.177,421
2022-11-30T00:00:00.000Z,25.5,79.05,51.38,40.6,58.5,10.826,507
2022-12-01T00:00:00.000Z,53.33,142.18,82.48,68.98,99.29,21.171,464
2022-12-02T00:00:00.000Z,33.79,97.75,67.25,54,76.53,14.262,558
2022-12-03T00:00:00.000Z,16.82,56.85,31.77,25.85,38.95,8.27,547
2022-12-04T00:00:00.000Z,6.8,42.05,18.23,14.36,24.48,7.201,492
2022-12-05T00:00:00.000Z,5.6,37.6,13.18,10.95,15.55,3.689,483
2022-12-06T00:00:00.000Z,3.13,30.25,8.48,6.7,11.23,3.631,507
2022-12-07T00:00:00.000Z,4.25,32.29,14.57,11.13,18,4.866,507
2022-12-08T00:00:00.000Z,9.02,47.65,21.39,17,28.44,8.347,512
2022-12-09T00:00:00.000Z,20.05,81.38,42.38,36.13,52.6,11.564,511
2022-12-10T00:00:00.000Z,9.35,150.02,40.04,20.95,67.75,32.968,518
2022-12-11T00:00:00.000Z,3.17,51.9,22.08,14.52,28.77,10.507,526
2022-12-12T00:00:00.000Z,3.2,52.2,10.25,6.92,17.92,9.451,485
2022-12-13T00:00:00.000Z,3.05,54.22,11.97,8.69,18.8,9.295,502
2022-12-14T00:00:00.000Z,2.29,38.29,10.43,6.82,18.72,7.76,481
2022-12-15T00:00:00.000Z,6.82,41.58,20.52,15.35,27.02,7.617,498
2022-12-16T00:00:00.000Z,8.25,46.72,18.98,15.4,26.92,7.682,472
2022-12-17T00:00:00.000Z,13.55,58.97,24.56,21.2,28.95,5.45,506
2022-12-18T00:00:00.000Z,3.42,38.4,12.27,9.85,15.38,6.126,511
2022-12-19T00:00:00.000Z,4.09,26.17,13.62,11.31,16.02,3.785,508
2022-12-20T00:00:00.000Z,3.5,45.65,15.26,11.65,20.95,7.44,516
2022-12-21T00:00:00.000Z,1.7,48.53,23.33,15.13,29.83,10.105,478
2022-12-22T00:00:00.000Z,1.23,46.28,20.58,10.52,24.69,9.062,521
2022-12-23T00:00:00.000Z,4.88,37.97,23.65,15.35,28.92,8.08,366
2022-12-24T00:00:00.000Z,2.04,47.15,15.3,9.85,27.44,10.197,465
2022-12-25T00:00:00.000Z,0.98,17.27,4.8,3.5,6.15,2.219,415
2022-12-26T00:00:00.000Z,2.75,31.1,9.49,6.99,12.96,4.284,296
2022-12-27T00:00:00.000Z,4.15,38.42,18.38,12.43,22.48,7.034,429
2022-12-28T00:00:00.000Z,3.63,44.45,17.94,13.02,24.02,7.685,476
2022-12-29T00:00:00.000Z,2.2,73.5,17.14,8.82,48.63,20.368,480
2022-12-30T00:00:00.000Z,10.68,75.09,38.7,25.98,53.48,15.77,432
2022-12-31T00:00:00.000Z,3.2,166.27,16.7,12.52,23.55,15.35,446
2023-01-01T00:00:00.000Z,1.5,96.38,9.34,7.18,12.72,7.047,484
2023-01-02T00:00:00.000Z,0.3,13.05,3.08,1.7,4.71,2.103,500
2023-01-03T00:00:00.000Z,0.38,38.54,7.04,3.65,12.93,6.454,334
2023-01-04T00:00:00.000Z,0.5,40.72,5.78,3.47,10.48,5.714,463
2023-01-05T00:00:00.000Z,1.88,27.92,8.65,6.71,11.54,4.377,497
2023-01-06T00:00:00.000Z,0.4,47.08,7.15,4.18,11.1,5.578,494
2023-01-07T00:00:00.000Z,0.68,49.83,11.51,6.39,18.21,8.274,508
2023-01-08T00:00:00.000Z,2.88,52.3,19.57,13.93,28.02,9.547,543
2023-01-09T00:00:00.000Z,4.3,42.78,19.19,13.2,25.38,7.796,486
2023-01-10T00:00:00.000Z,4.38,34.75,11.2,9.01,13.54,3.992,521
2023-01-11T00:00:00.000Z,1.05,21.7,6.35,4.95,8.15,2.63,477
2023-01-12T00:00:00.000Z,2.4,29.7,9.98,7.39,12.92,4.278,516
2023-01-13T00:00:00.000Z,5.3,34.78,14.18,10.38,22.77,7.244,466
2023-01-14T00:00:00.000Z,11.57,44.08,20.85,18.32,23.75,4.366,529
2023-01-15T00:00:00.000Z,12.93,54.15,26.55,21.83,32.36,7.291,441
2023-01-16T00:00:00.000Z,11.57,48.2,24.67,20.7,28.75,5.699,311
2023-01-17T00:00:00.000Z,23.92,60.33,38.45,30.6,44.3,8.154,357
2023-01-18T00:00:00.000Z,20.67,66.88,42.43,37.24,47.57,8.396,412
2023-01-19T00:00:00.000Z,16.98,87.75,40.28,32.04,56.02,16.003,545
2023-01-20T00:00:00.000Z,22.85,72.4,42.63,36.38,48.75,9.495,518
2023-01-21T00:00:00.000Z,5,49.92,12.24,9.5,16.89,6.46,494
2023-01-22T00:00:00.000Z,16.35,65.65,33.06,27.83,42.15,9.931,550
2023-01-23T00:00:00.000Z,17.64,56.78,32.2,29,37.5,6.507,450
2023-01-24T00:00:00.000Z,4.82,31.95,13.73,10.77,16.42,4.05,515
2023-01-25T00:00:00.000Z,6.53,23.17,12.85,10.98,15.15,3.128,467
2023-01-26T00:00:00.000Z,8.9,33.65,19.39,15.73,22.73,4.638,530
2023-01-27T00:00:00.000Z,2.9,193.55,13.71,8.19,19.64,18.519,402
2023-01-28T00:00:00.000Z,3.58,64.56,34.75,8.77,47.05,18.398,521
2023-01-29T00:00:00.000Z,2.65,27.98,8.6,6.53,10.56,3.329,497
2023-01-30T00:00:00.000Z,4,21.02,11.73,8.1,14.09,3.615,488
2023-01-31T00:00:00.000Z,5.47,31.38,19.02,15.7,21.9,4.899,475
2023-02-01T00:00:00.000Z,15.93,48.88,27.23,23.35,32.9,6.337,514
2023-02-02T00:00:00.000Z,20.32,56.5,34.75,29.05,44.13,8.699,498
2023-02-03T00:00:00.000Z,6.07,64.45,31.3,14.41,44.31,15.607,381
2023-02-04T00:00:00.000Z,8.05,50.3,18.63,15.06,25.65,7.274,556
2023-02-05T00:00:00.000Z,9.18,33.38,16.82,14.59,19.45,4.164,441
2023-02-06T00:00:00.000Z,4.68,24.65,10.19,8.63,12.55,3.129,442
2023-02-07T00:00:00.000Z,7.43,33.15,13.57,11.45,16.77,4.689,455
2023-02-08T00:00:00.000Z,6.03,25.65,14.51,12.67,17.17,3.296,384
2023-02-09T00:00:00.000Z,3.88,42.85,14.97,10.32,21.5,7.058,456
2023-02-10T00:00:00.000Z,5.72,43.3,21.33,17.3,27.05,7.703,464
2023-02-11T00:00:00.000Z,4.47,39.54,15.64,12.22,19.32,5.903,428
2023-02-12T00:00:00.000Z,0.6,13.48,3.35,1.7,5.45,2.413,263
2023-02-13T00:00:00.000Z,0.98,26.2,5.46,3.81,7.5,3.345,124
2023-02-14T00:00:00.000Z,0.8,16.95,4.38,2.9,6.05,2.406,436
2023-02-15T00:00:00.000Z,0.5,56.3,3.69,2.4,5.72,3.675,382
2023-02-16T00:00:00.000Z,1.4,31.63,5.87,4.26,14.79,6.807,416
2023-02-17T00:00:00.000Z,8.48,66.78,25.6,17.77,34.11,11.721,388
2023-02-18T00:00:00.000Z,10.73,71.84,18.8,15.93,33,12.825,487
2023-02-19T00:00:00.000Z,13.8,65.25,24.06,20.04,35.43,9.853,428
2023-02-20T00:00:00.000Z,22.4,77,39.47,31.85,56.45,13.981,507
2023-02-21T00:00:00.000Z,9.35,84.38,35.97,27.45,53.65,16.712,499
2023-02-22T00:00:00.000Z,4.3,43.78,20.2,15.23,25.21,6.874,380
2023-02-23T00:00:00.000Z,2,32.92,15.57,12.63,19.12,4.986,373
2023-02-24T00:00:00.000Z,6.05,45.42,27.83,20.55,34.17,8.413,494
2023-02-25T00:00:00.000Z,6.22,58.1,27.45,20.55,32.63,10.439,419
2023-02-26T00:00:00.000Z,1.4,49.75,7.68,4.07,11.69,7.718,509
2023-02-27T00:00:00.000Z,2.5,26.63,9.48,7.54,11.56,3.189,504
2023-02-28T00:00:00.000Z,0.45,19.75,6.32,4.15,8.72,3.293,425
2023-03-01T00:00:00.000Z,0.4,17.05,3.78,2.54,5.65,2.948,511
2023-03-02T00:00:00.000Z,1,12.7,3.91,2.92,5.3,1.861,536
2023-03-03T00:00:00.000Z,1.33,20.65,7.38,5.47,9.97,3.402,385
2023-03-04T00:00:00.000Z,0.56,18.27,8.24,4.22,10.95,4.2,522
2023-03-05T00:00:00.000Z,0.5,31.75,8.89,4,12.23,5.679,534
2023-03-06T00:00:00.000Z,1.23,17.14,4.97,3.65,7,2.503,529
2023-03-07T00:00:00.000Z,2.13,46.4,10.3,7.29,14.96,6.593,501
2023-03-08T00:00:00.000Z,2.04,60.9,26.19,15.29,33.57,13.03,544
2023-03-09T00:00:00.000Z,0.93,30.1,4.95,3.62,8.82,5.041,461
2023-03-10T00:00:00.000Z,2.17,22.25,7.93,6,9.94,3.07,543
2023-03-11T00:00:00.000Z,7.57,38.17,19.95,15.87,24.33,6.08,533
2023-03-12T00:00:00.000Z,0.4,514.2,8.8,3.1,28.17,35,526
2023-03-13T00:00:00.000Z,1.02,12.15,4.2,2.78,5.65,2.068,523
2023-03-14T00:00:00.000Z,2.1,19.05,7.24,5.15,8.94,2.657,398
2023-03-15T00:00:00.000Z,3.67,30.23,12.35,8.77,15.13,4.746,539
2023-03-16T00:00:00.000Z,3.08,60.7,30.2,19.7,35.88,13.11,527
2023-03-17T00:00:00.000Z,1,19.64,4.88,3.45,6.57,2.965,528
2023-03-18T00:00:00.000Z,2.25,31.23,7.04,5.4,9.25,3.282,426
2023-03-19T00:00:00.000Z,3.08,33.97,12.39,8.23,18.44,6.242,508
2023-03-20T00:00:00.000Z,3.85,34.75,12.47,9.93,16.17,5.144,498
2023-03-21T00:00:00.000Z,3.85,39.15,13.3,9.16,18.42,7.145,525
2023-03-22T00:00:00.000Z,1.2,37.5,5.13,3.58,8.89,5.942,501
2023-03-23T00:00:00.000Z,2.47,23.35,10.6,7.35,13.65,4.375,518
2023-03-24T00:00:00.000Z,2.8,44.4,11.4,7.06,23.66,10.82,501
2023-03-25T00:00:00.000Z,4.84,40.15,17.22,10.9,19.63,5.525,470
2023-03-26T00:00:00.000Z,8.63,254.57,25.3,18.75,36.85,26.882,382
2023-03-27T00:00:00.000Z,3.78,446.45,13.89,9.8,24.48,46.146,438
2023-03-28T00:00:00.000Z,4.78,31,12.13,9.73,16.17,4.443,495
2023-03-29T00:00:00.000Z,5.32,38.15,10.02,8.4,18.67,7.973,440
2023-03-30T00:00:00.000Z,1.52,35.65,9.32,6.45,13.69,5.825,496
2023-03-31T00:00:00.000Z,4.55,50.65,14.96,10.1,19.95,6.315,498
2023-04-01T00:00:00.000Z,5.28,43.9,23.55,18.95,26.92,6.496,318
2023-04-02T00:00:00.000Z,10.68,60.15,24.27,20.27,29.29,9.301,424
2023-04-03T00:00:00.000Z,13.2,49.72,27.88,24.62,31.37,5.525,521
2023-04-04T00:00:00.000Z,12.68,41.3,23.65,20.13,28.6,6.117,559
2023-04-05T00:00:00.000Z,5.09,36.75,15.95,11.48,22.58,7.005,559
2023-04-06T00:00:00.000Z,2.02,30.88,9.73,7.18,12.35,4.26,582
2023-04-07T00:00:00.000Z,2.02,44.42,8.05,5.4,11.14,4.512,553
2023-04-08T00:00:00.000Z,4.45,44.03,18.55,13.54,23.55,6.731,576
2023-04-09T00:00:00.000Z,11.35,46.53,26.64,21.65,31.9,6.861,578
2023-04-10T00:00:00.000Z,5.72,82.85,29.08,20.2,42.36,13.581,461
2023-04-11T00:00:00.000Z,9.85,69.68,32.9,21.99,42.63,12.536,576
2023-04-12T00:00:00.000Z,7,89.97,29.63,19.59,44.05,16.77,573
2023-04-13T00:00:00.000Z,1.85,52.88,11.59,7.19,24.91,10.325,572
2023-04-14T00:00:00.000Z,1.57,19.67,6.35,4.57,8.85,3.111,570
2023-04-15T00:00:00.000Z,1.55,29.67,7.82,5.4,11,4.242,576
2023-04-16T00:00:00.000Z,4.57,33.78,13.32,10.14,17.64,5.537,580
2023-04-17T00:00:00.000Z,4.45,49.53,22.13,12.39,29.58,9.986,577
2023-04-18T00:00:00.000Z,9.88,74.59,25.98,18.8,33.77,11.716,572
2023-04-19T00:00:00.000Z,6.03,30.33,13.02,10.19,15.79,4.011,488
2023-04-20T00:00:00.000Z,4.34,34,11.9,9.23,15.67,5.305,584
2023-04-21T00:00:00.000Z,0.82,19.67,6.82,4.18,9.93,3.947,522
2023-04-22T00:00:00.000Z,1.5,49.08,6.4,4.05,10.31,10.692,509
2023-04-23T00:00:00.000Z,1.85,44.1,16.6,7.93,25.52,9.836,371
2023-04-24T00:00:00.000Z,3.8,32.75,13.19,8.68,18.75,5.938,570
2023-04-25T00:00:00.000Z,2.78,32.04,10.38,7.49,14.67,5.294,577
2023-04-26T00:00:00.000Z,1.35,27.77,6.03,4,9.25,4.143,573
2023-04-27T00:00:00.000Z,3.63,33.15,13.65,8.46,19.59,6.458,581
2023-04-28T00:00:00.000Z,1.95,33.38,13.75,7.07,18.38,6.64,395
2023-04-29T00:00:00.000Z,1.25,81.2,5.03,3.33,12.43,12.702,568
2023-04-30T00:00:00.000Z,2.63,68,11.02,7.28,30.92,14.901,417
2023-05-01T00:00:00.000Z,1.45,14.25,5.22,3.35,7.32,2.627,543
2023-05-02T00:00:00.000Z,0.7,32.13,5.07,3.14,6.74,3.064,564
2023-05-03T00:00:00.000Z,2.02,19.27,6.65,5.18,8.43,2.669,403
2023-05-04T00:00:00.000Z,0.77,21.17,4.87,3.15,7.15,3.226,570
2023-05-05T00:00:00.000Z,1.33,20.7,4.4,3.15,6.24,2.73,392
2023-05-06T00:00:00.000Z,0.75,17.5,3.78,2.6,5.97,2.852,571
2023-05-07T00:00:00.000Z,1.23,37.92,4.95,3.1,8.85,5.868,443
2023-05-08T00:00:00.000Z,1.1,57.95,8.66,3.3,24.08,12.102,546
2023-05-09T00:00:00.000Z,1.58,46.53,10.45,4.82,21.41,11.111,573
2023-05-10T00:00:00.000Z,2.25,35.22,12.06,6.53,17.38,6.476,562
2023-05-11T00:00:00.000Z,2.2,28.98,11.1,6.43,16.07,5.934,555
2023-05-12T00:00:00.000Z,2.35,33.47,10.82,5.97,16.45,6.459,571
2023-05-13T00:00:00.000Z,2.4,31.95,8.15,5.94,11.84,4.421,565
2023-05-14T00:00:00.000Z,1,23.8,5.75,3.65,8.63,3.913,570
2023-05-15T00:00:00.000Z,0.95,36.04,8.3,4.47,14.9,7.095,547
2023-05-16T00:00:00.000Z,1.14,37.33,7.02,4.28,15.81,8.505,460
2023-05-17T00:00:00.000Z,1.65,32.6,8.01,5.25,13.32,6.049,562
2023-05-18T00:00:00.000Z,2.7,27.38,10,6.9,14.18,5.551,574
2023-05-19T00:00:00.000Z,1.14,22.25,5.15,3.47,8.09,3.977,568
2023-05-20T00:00:00.000Z,1.05,14.8,4.71,3.15,7.3,2.816,582
2023-05-21T00:00:00.000Z,2.27,36.25,8.25,5.65,13.14,5.844,577
2023-05-22T00:00:00.000Z,3.75,44.33,17.94,13.05,25.63,8.551,534
2023-05-23T00:00:00.000Z,5.7,32.2,15.97,12.3,20.02,5.15,566
2023-05-24T00:00:00.000Z,6.45,42.97,14.63,12.06,18.63,6.511,572
2023-05-25T00:00:00.000Z,14.25,46.4,27.25,22.9,30.13,5.84,538
2023-05-26T00:00:00.000Z,4.05,32.29,12.8,7.78,19.85,6.795,424
2023-05-27T00:00:00.000Z,2.58,16.23,6.55,5.05,8.52,2.486,459
2023-05-28T00:00:00.000Z,1.35,15.15,4.65,3.33,5.95,2.121,484
2023-05-29T00:00:00.000Z,1.17,46.08,5.17,3.4,7.47,3.817,490
2023-05-30T00:00:00.000Z,1.8,22.38,7.68,5.27,11.06,4.206,576
2023-05-31T00:00:00.000Z,1.75,20.85,6.55,4.87,9.78,3.689,349
2023-06-01T00:00:00.000Z,2.4,22.65,8.05,6.06,10.84,3.691,564
2023-06-02T00:00:00.000Z,3.58,27.7,12.38,9.65,15.44,4.211,573
2023-06-03T00:00:00.000Z,1,28.33,4.3,2.75,8.66,4.31,456
2023-06-04T00:00:00.000Z,0.8,16.07,4.25,2.54,6.07,2.489,578
2023-06-05T00:00:00.000Z,1.3,17.5,5.2,3.83,7.14,2.593,564
2023-06-06T00:00:00.000Z,1.55,30.63,6.93,4.46,9.59,4.014,365
2023-06-07T00:00:00.000Z,2.6,25.08,8.8,6.42,12.21,4.263,568
2023-06-08T00:00:00.000Z,3.22,29.8,10.33,5.88,15.27,5.561,438
2023-06-09T00:00:00.000Z,3.65,26.35,8.44,6.64,11.18,3.493,572
2023-06-10T00:00:00.000Z,0.7,14.23,4.65,3.04,6.15,2.305,577
2023-06-11T00:00:00.000Z,1.27,17.77,5.05,3.6,6.97,2.727,581
2023-06-12T00:00:00.000Z,1.63,17.57,5.56,4.13,7.28,2.523,576
2023-06-13T00:00:00.000Z,2.1,21.95,7,5.47,9.13,3.28,568
2023-06-14T00:00:00.000Z,2.78,35.58,9.66,6.75,15.07,5.49,570
2023-06-15T00:00:00.000Z,3.92,44.1,11.53,7.57,15.82,6.254,578
2023-06-16T00:00:00.000Z,4.75,43.3,11.53,7.92,16.48,6.79,576
2023-06-17T00:00:00.000Z,5.09,25.98,13.07,10.98,15.73,3.638,573
2023-06-18T00:00:00.000Z,3,22.2,8.19,6.39,10.22,2.809,584
2023-06-19T00:00:00.000Z,2.13,16.52,5.58,4.42,7.55,2.425,376
2023-06-20T00:00:00.000Z,2.72,30.38,7.79,5.93,10.71,4.011,568
2023-06-21T00:00:00.000Z,2.1,41.5,7.09,3.92,15.3,7.245,570
2023-06-22T00:00:00.000Z,3.45,47.72,9.5,7.28,12.45,5.287,571
2023-06-23T00:00:00.000Z,6.18,44.53,23.33,15.4,31.85,9.265,567
2023-06-24T00:00:00.000Z,0.8,30.58,6.18,3.74,9.34,4.788,580
2023-06-25T00:00:00.000Z,4.8,30.65,11.93,8.61,16.07,4.8,585
2023-06-26T00:00:00.000Z,4.97,57.8,11.96,8.88,20.17,9.451,506
2023-06-27T00:00:00.000Z,3.28,20.52,8.5,6.38,10.82,2.928,579
2023-06-28T00:00:00.000Z,4.43,29.42,10.82,8.85,14.13,4.869,579
2023-06-29T00:00:00.000Z,3.95,57.85,11.38,7.38,17.3,7.324,578
2023-06-30T00:00:00.000Z,3.85,60.42,16.7,10.89,22.79,11.236,581
2023-07-01T00:00:00.000Z,5.2,24.08,9.75,7.7,12.75,3.419,375
2023-07-02T00:00:00.000Z,3.6,25.27,10.07,7.77,12.74,3.795,581
2023-07-03T00:00:00.000Z,2.42,25.35,7.78,5.88,11.49,4.155,552
2023-07-04T00:00:00.000Z,4.4,18.23,9.77,7.72,11.93,2.974,417
2023-07-05T00:00:00.000Z,3.97,29.15,13.8,10.38,16.45,4.611,543
2023-07-06T00:00:00.000Z,7.38,32.78,15.38,12.5,18.45,4.653,278
2023-07-07T00:00:00.000Z,5.87,24.83,12.43,10.07,14.97,3.537,517
2023-07-08T00:00:00.000Z,3.03,32.67,13.4,7.39,17.27,5.793,345
2023-07-09T00:00:00.000Z,2.52,30.45,7.13,4.7,18.13,7.482,371
2023-07-10T00:00:00.000Z,1.65,13.35,4.45,3.45,5.75,1.641,346
2023-07-11T00:00:00.000Z,0.98,12.35,3.65,2.47,5.07,2.157,532
2023-07-12T00:00:00.000Z,1.38,18.48,4.45,3.3,5.8,2.134,547
2023-07-13T00:00:00.000Z,2.78,18.98,7.63,5.95,9.63,2.697,547
2023-07-14T00:00:00.000Z,2.04,24.77,7.96,5.59,13.01,4.874,528
2023-07-15T00:00:00.000Z,1.1,19.95,5.47,3.55,10.32,4.324,574
2023-07-16T00:00:00.000Z,2.7,26.52,9.07,4.97,12.6,5.173,582
2023-07-17T00:00:00.000Z,2.88,46.13,13.27,5.75,20.83,8.888,383
2023-07-18T00:00:00.000Z,0.5,35.4,12.22,9.55,14.8,5.38,582
2023-07-19T00:00:00.000Z,0,14.77,2.29,0,4.13,2.416,465
2023-07-20T00:00:00.000Z,0.7,16.3,4.5,3.12,6.35,2.331,564
2023-07-21T00:00:00.000Z,0.8,14.25,4.93,3.13,6.82,2.484,575
2023-07-22T00:00:00.000Z,0.56,26.63,4.73,3.21,7.18,3.769,576
2023-07-23T00:00:00.000Z,2.38,23.38,6.13,4.57,8.24,2.793,580
2023-07-24T00:00:00.000Z,1.8,19.8,7.85,6.22,10.25,3.185,583
2023-07-25T00:00:00.000Z,3.65,35.08,12.14,7.65,17.37,5.797,576
2023-07-26T00:00:00.000Z,0,40.29,0.7,0,19.67,11.105,577
2023-07-27T00:00:00.000Z,0,51.9,12.54,9.23,17.57,9.733,574
2023-07-28T00:00:00.000Z,1.6,38.9,10.75,4.92,24.1,10.071,581
2023-07-29T00:00:00.000Z,2.78,29.73,6.72,5.3,11.45,5.873,575
2023-07-30T00:00:00.000Z,1.2,29.33,5.78,3.14,9.98,5.146,581
2023-07-31T00:00:00.000Z,1.98,21.75,8.23,5.2,11.18,4.143,582
2023-08-01T00:00:00.000Z,2.97,28.5,11.55,7.32,16.12,5.138,584
2023-08-02T00:00:00.000Z,5.88,41.47,18.02,13.07,22.08,6.782,575
2023-08-03T00:00:00.000Z,5.6,36.6,15.75,10.77,21.14,7.268,565
2023-08-04T00:00:00.000Z,3.42,27.65,9.9,6.55,15.88,5.546,587
2023-08-05T00:00:00.000Z,1.83,29.75,7.74,4.65,12.24,5.214,580
2023-08-06T00:00:00.000Z,4.9,28.1,10.65,8.65,12.98,3.431,575
2023-08-07T00:00:00.000Z,2.9,26.63,7.13,5.5,9.11,3.065,576
2023-08-08T00:00:00.000Z,1.05,25.58,7.38,5.05,11.79,4.679,585
2023-08-09T00:00:00.000Z,1.02,12.75,3.72,2.59,5.38,2.147,585
2023-08-10T00:00:00.000Z,2.7,21.77,6.85,5.15,8.52,2.508,563
2023-08-11T00:00:00.000Z,4.8,30.98,12.63,9.88,16.27,4.765,570
2023-08-12T00:00:00.000Z,9.55,34.1,16.75,14.65,18.98,3.484,583
2023-08-13T00:00:00.000Z,2.29,33.15,5.9,4.4,12.25,6.905,582
2023-08-14T00:00:00.000Z,2.35,21.23,9.32,7.13,11.1,3.33,583
2023-08-15T00:00:00.000Z,1.4,21.55,8.48,4.38,11.77,4.334,582
2023-08-16T00:00:00.000Z,1.85,39.92,8.5,4.37,14.59,7.893,584
2023-08-17T00:00:00.000Z,2.6,41.58,11.23,6.7,18.7,7.833,583
2023-08-18T00:00:00.000Z,7.15,37.1,20.65,17.42,23.94,5.035,581
2023-08-19T00:00:00.000Z,6.07,29.88,13.32,10.68,16.67,4.304,574
2023-08-20T00:00:00.000Z,1.42,27.02,10.35,6.5,15.98,5.867,571
2023-08-21T00:00:00.000Z,1.8,23.92,6.95,4.12,10.16,4.272,560
2023-08-22T00:00:00.000Z,4.63,29.42,14.35,11.17,18.42,5.071,581
2023-08-23T00:00:00.000Z,1.73,18.02,7.6,5,10.89,3.673,584
2023-08-24T00:00:00.000Z,2.52,28.73,8.18,5.77,10.76,3.446,581
2023-08-25T00:00:00.000Z,1.58,51.38,9.06,4.5,20.63,11.722,574
2023-08-26T00:00:00.000Z,4.07,358.9,14.69,8.14,25.34,46.308,580
2023-08-27T00:00:00.000Z,3.45,27.65,14.84,8.69,18.1,5.704,570
2023-08-28T00:00:00.000Z,3.45,25.58,9.4,6.97,13.05,4.281,578
2023-08-29T00:00:00.000Z,4.38,42.88,17.04,11.06,23.03,7.771,576
2023-08-30T00:00:00.000Z,2.52,26.67,10.88,7.55,14.17,4.772,573
2023-08-31T00:00:00.000Z,6.07,31.67,17.35,13.63,20.23,4.764,574
2023-09-01T00:00:00.000Z,4.53,45.67,15.99,10.92,20.23,7.504,572
2023-09-02T00:00:00.000Z,3.67,50,21.23,11.6,32.85,12.136,570
2023-09-03T00:00:00.000Z,1.6,42.5,10.4,4.93,16.39,6.84,567
2023-09-04T00:00:00.000Z,2.04,316.58,10.93,5.55,14.45,22.883,575
2023-09-05T00:00:00.000Z,2.45,24.77,8.39,5.38,10.95,3.759,578
2023-09-06T00:00:00.000Z,1.3,15.9,5.9,4.28,7.68,2.639,574
2023-09-07T00:00:00.000Z,0.43,17.5,3.25,2.2,4.63,2.123,587
2023-09-08T00:00:00.000Z,0.93,20.85,3.44,2.4,4.75,2.241,582
2023-09-09T00:00:00.000Z,1.17,19.88,5.68,3.85,9.14,3.82,576
2023-09-10T00:00:00.000Z,2.72,71.09,15.15,9.52,36.7,18.563,571
2023-09-11T00:00:00.000Z,6.45,99.78,33.67,21.7,58.7,21.754,571
2023-09-12T00:00:00.000Z,8.35,68.72,23.77,16.89,48.17,16.073,575
2023-09-13T00:00:00.000Z,4.5,42.92,19.63,10.82,28.73,9.907,558
2023-09-14T00:00:00.000Z,3.58,44.55,13.98,9.69,22.55,7.859,573
2023-09-15T00:00:00.000Z,3.7,28.67,12.92,9.13,16.52,5.005,566
2023-09-16T00:00:00.000Z,0.43,32.17,4.38,2,17.75,8.821,583
2023-09-17T00:00:00.000Z,2.5,36.72,13.76,8.75,19.63,7.084,582
2023-09-18T00:00:00.000Z,3.97,90.03,12.44,9.82,19.3,8.457,566
2023-09-19T00:00:00.000Z,7.6,47.28,21.38,16.27,29.28,8.8,553
2023-09-20T00:00:00.000Z,4.72,28.95,13.05,10.63,15.23,3.451,547
2023-09-21T00:00:00.000Z,6.28,50.2,17.17,13.2,21.7,6.482,578
2023-09-22T00:00:00.000Z,4.55,48.6,15.43,10.79,32.71,11.721,572
2023-09-23T00:00:00.000Z,3.88,51.92,11.45,9.02,14.05,4.337,587
2023-09-24T00:00:00.000Z,5.43,28.58,12.2,10.32,14.52,3.316,571
2023-09-25T00:00:00.000Z,1.2,26.77,6.99,4.93,10.18,3.721,586
2023-09-26T00:00:00.000Z,2.72,32.85,13.44,8.72,19.89,6.667,560
2023-09-27T00:00:00.000Z,2.97,61.05,20,9.3,26.53,11.216,561
2023-09-28T00:00:00.000Z,2.83,25.98,10.68,7.63,13.52,4.327,582
2023-09-29T00:00:00.000Z,6.18,34.58,16.3,12.97,21.24,5.378,581
2023-09-30T00:00:00.000Z,8.23,34.85,20,17.17,22.5,4.263,570
2023-10-01T00:00:00.000Z,3.67,28.8,11.35,8.55,17.5,5.422,535
2023-10-02T00:00:00.000Z,2.29,30.45,7.63,5.27,10.57,4.192,545
2023-10-03T00:00:00.000Z,2.52,20.32,8.27,6.18,10.63,3.015,569
2023-10-04T00:00:00.000Z,2.27,34.67,13.13,6.71,15.77,5.709,573
2023-10-05T00:00:00.000Z,2.97,24.85,8.49,6.62,10.7,3.325,572
2023-10-06T00:00:00.000Z,0.2,22.15,4.15,2,11.2,5.32,562
2023-10-07T00:00:00.000Z,0,17.07,3.7,2.2,5.03,2.255,563
2023-10-08T00:00:00.000Z,0.03,8.88,1,0.6,1.73,1.111,563
2023-10-09T00:00:00.000Z,0.1,11.5,1.52,0.82,2.92,1.41,553
2023-10-10T00:00:00.000Z,1.4,26.5,4.18,3.2,6.6,4.185,539
2023-10-11T00:00:00.000Z,1.14,35.47,5.5,3.75,7.96,5.656,557
2023-10-12T00:00:00.000Z,0.88,30.6,8.69,5.03,12.7,5.181,558
2023-10-13T00:00:00.000Z,1,28.33,6.32,4.2,8.75,3.41,554
2023-10-14T00:00:00.000Z,3.53,41.7,10.95,9.23,12.65,2.843,558
2023-10-15T00:00:00.000Z,1.58,24.55,8.8,6.1,12.55,4.363,573
2023-10-16T00:00:00.000Z,2.02,21.27,8.15,6.25,10.55,3.268,567
2023-10-17T00:00:00.000Z,0.5,12.23,2.67,1.8,4.09,1.81,563
2023-10-18T00:00:00.000Z,0.63,18.57,4.8,2.78,8.13,3.407,556
2023-10-19T00:00:00.000Z,1.4,23.98,7.44,5.2,9.9,4.275,556
2023-10-20T00:00:00.000Z,3.33,29.88,10.8,8.48,15.07,4.428,578
2023-10-21T00:00:00.000Z,3.83,57.45,9.52,7,16.32,9.831,573
2023-10-22T00:00:00.000Z,8.27,65.59,28.73,24.41,32.94,10.504,573
2023-10-23T00:00:00.000Z,0.38,120.85,18.23,3.03,26.58,15.56,586
2023-10-24T00:00:00.000Z,1.67,45.78,6.63,4.25,20.89,9.614,573
2023-10-25T00:00:00.000Z,1.38,41.1,7.06,5.15,9.22,3.573,580
2023-10-26T00:00:00.000Z,2.17,19.8,7.49,5.72,9.3,3.076,574
2023-10-27T00:00:00.000Z,4.97,30.52,10.07,7.93,12.85,4.182,574
2023-10-28T00:00:00.000Z,2.5,36.95,10.85,7.03,21.71,8.527,585
2023-10-29T00:00:00.000Z,2.52,18.7,10.25,7.7,12.3,3.371,547
2023-10-30T00:00:00.000Z,4.32,38.17,14.48,10.45,22.98,7.219,583
2023-10-31T00:00:00.000Z,4.84,82.07,17.57,10.98,33.25,17.792,579
2023-11-01T00:00:00.000Z,7.55,39.63,22.02,18.92,24.51,4.886,560
2023-11-02T00:00:00.000Z,0.56,72.13,3.07,1.83,5.47,6.835,546
2023-11-03T00:00:00.000Z,0.68,55.03,10.19,5.32,17.48,10.51,579
2023-11-04T00:00:00.000Z,14.25,68.3,29.29,24.27,35.85,11.094,566
2023-11-05T00:00:00.000Z,8.88,66.55,20.92,16.27,33.97,14.124,582
2023-11-06T00:00:00.000Z,0.5,24.65,8.75,3.5,15.43,6.304,577
2023-11-07T00:00:00.000Z,1.1,11.93,4.57,3.38,5.9,1.943,567
2023-11-08T00:00:00.000Z,3.15,26.2,10.7,8.69,13.06,3.573,577
2023-11-09T00:00:00.000Z,5.4,43.58,14.26,11.01,21.14,6.928,536
2023-11-10T00:00:00.000Z,5.32,37.2,14.99,11.95,18.73,5.556,568
2023-11-11T00:00:00.000Z,12.95,43.3,26.12,22.49,29.6,5.411,576
2023-11-12T00:00:00.000Z,1.2,53.38,12.25,7.5,27.6,13.148,350
2023-11-13T00:00:00.000Z,0.1,12.48,1.39,0.7,2.4,1.376,572
2023-11-14T00:00:00.000Z,0.1,16.52,2.85,1.25,7.96,3.809,576
2023-11-15T00:00:00.000Z,8.55,44.72,18.89,15.43,25.3,7.219,575
2023-11-16T00:00:00.000Z,0.6,34.5,7.87,4.07,12.02,6.278,582
2023-11-17T00:00:00.000Z,1.38,38.45,4.7,3.34,7.53,4.217,569
2023-11-18T00:00:00.000Z,8.1,78.47,25.24,18.13,37.89,15.095,568
2023-11-19T00:00:00.000Z,12.27,74.15,38.54,30.33,47,11.763,570
2023-11-20T00:00:00.000Z,5.8,50.45,17.57,11.7,23.73,9.232,571
2023-11-21T00:00:00.000Z,1.98,23.17,7.22,5.87,8.9,2.789,576
2023-11-22T00:00:00.000Z,0.65,23.55,7.72,4.53,11.24,4.56,580
2023-11-23T00:00:00.000Z,0.7,23.15,5.43,2.88,9.13,4.384,586
2023-11-24T00:00:00.000Z,13.23,54.85,34.07,28.67,38.92,8.466,578
2023-11-25T00:00:00.000Z,21.3,48.2,32.2,28.74,36.06,4.892,581
2023-11-26T00:00:00.000Z,14.02,58.47,32.35,23.98,38.08,8.849,574
2023-11-27T00:00:00.000Z,2.2,32.04,10.95,7.05,16.45,6.391,579
2023-11-28T00:00:00.000Z,4.07,18.57,9.94,7.9,12.2,2.853,579
2023-11-29T00:00:00.000Z,5.8,37.29,18.27,11.44,23.52,6.987,568
2023-11-30T00:00:00.000Z,4,25.1,10.97,8.05,14.44,4.024,588
2023-12-01T00:00:00.000Z,4.84,69.45,35.4,22.17,46.59,14.812,537
2023-12-02T00:00:00.000Z,19.7,75.31,40.95,34.11,53.73,11.802,525
2023-12-03T00:00:00.000Z,7,58.15,24.45,12.45,39.22,14.678,583
2023-12-04T00:00:00.000Z,6.22,45.67,27.08,19.77,32.17,8.186,582
2023-12-05T00:00:00.000Z,9.1,49.67,28.63,24.28,32.22,7.169,577
2023-12-06T00:00:00.000Z,20.42,98.75,38.85,33.86,47.39,11.799,585
2023-12-07T00:00:00.000Z,12.27,84.95,33.92,22.6,39.17,10.821,581
2023-12-08T00:00:00.000Z,13.9,50.45,27.66,23.73,32.33,6.164,566
2023-12-09T00:00:00.000Z,11.73,48.63,27.9,24.5,31.85,5.799,579
2023-12-10T00:00:00.000Z,8.98,40.88,24.15,17.38,29.1,7.218,589
2023-12-11T00:00:00.000Z,2.5,44.33,14.12,7.65,22.05,8.458,578
2023-12-12T00:00:00.000Z,2.47,27.9,9.19,7.32,12.2,3.64,582
2023-12-13T00:00:00.000Z,3.13,66.63,21.55,15.51,28.54,9.785,585
2023-12-14T00:00:00.000Z,7.7,69.97,30.75,24.77,37.33,9.201,583
2023-12-15T00:00:00.000Z,4.75,54.7,26.87,21.37,33.33,8.556,584
2023-12-16T00:00:00.000Z,6.97,37.38,15.18,12.9,20.63,5.844,587
2023-12-17T00:00:00.000Z,0.52,20.95,5.65,3.14,9.24,3.914,585
2023-12-18T00:00:00.000Z,0.98,17.85,5.75,3.8,7.93,3.168,584
2023-12-19T00:00:00.000Z,0.5,10.15,2.78,1.95,3.69,1.478,580
2023-12-20T00:00:00.000Z,0.9,20.13,4.45,3.23,5.95,2.552,585
2023-12-21T00:00:00.000Z,1.27,20.75,7.25,4.45,10.3,3.626,586
2023-12-22T00:00:00.000Z,9.23,55.67,19.82,15.27,27.73,11.021,504
2023-12-23T00:00:00.000Z,3.92,33.63,11.97,8.32,15.18,5.143,410
2023-12-24T00:00:00.000Z,5.43,35.1,16.13,12.21,18.2,4.217,576
2023-12-25T00:00:00.000Z,2.27,24.1,7.15,5.46,10.94,4.834,581
2023-12-26T00:00:00.000Z,0.73,35,9.43,6.72,20.25,7.522,501
2023-12-27T00:00:00.000Z,4.55,27.2,11.8,9.4,15.48,4.527,583
2023-12-28T00:00:00.000Z,1.73,15.32,5.22,4.32,6.72,2.072,583
2023-12-29T00:00:00.000Z,3.35,28.67,13.18,9.15,17.64,5.569,566
2023-12-30T00:00:00.000Z,2.2,27.25,13.74,9.98,16.35,5.007,326
2023-12-31T00:00:00.000Z,0.9,74.3,5.73,3.47,9.77,8.148,578
2024-01-01T00:00:00.000Z,1.25,28.15,8.15,5.22,11.58,4.208,577
2024-01-02T00:00:00.000Z,1.33,18.32,6.15,4.3,9.05,3.507,485
2024-01-03T00:00:00.000Z,0.93,28.77,4.94,3.1,7.28,3.715,574
2024-01-04T00:00:00.000Z,1.35,45.53,7.88,4.4,11.53,5.729,276
2024-01-05T00:00:00.000Z,5.4,48.13,16.95,13.55,20.37,5.616,328
2024-01-06T00:00:00.000Z,1.52,44.9,16.7,12.25,23.05,8.022,315
2024-01-07T00:00:00.000Z,0.6,55.2,8.19,4.68,12.35,6.404,579
2024-01-08T00:00:00.000Z,0.6,31.63,8.75,5.8,13.45,5.874,583
2024-01-09T00:00:00.000Z,1.8,29.02,6.47,5.13,8.41,3.11,585
2024-01-10T00:00:00.000Z,0.25,20.05,10.3,7.07,12.4,4.475,579
2024-01-11T00:00:00.000Z,0.38,21.15,2.22,1.4,3.83,2.039,586
2024-01-12T00:00:00.000Z,0.6,18.17,3.58,2.21,5.53,2.794,585
2024-01-13T00:00:00.000Z,1.77,50.5,13.63,8.43,19.13,7.655,574
2024-01-14T00:00:00.000Z,2.1,48.78,20.75,11.63,26.24,9.264,576
2024-01-15T00:00:00.000Z,15.77,41.88,29.13,25.48,32.29,4.669,577
2024-01-16T00:00:00.000Z,5.9,44.75,23.63,19.45,28.35,6.739,579
2024-01-17T00:00:00.000Z,1,22.23,7.35,5.19,10.8,4.147,577
2024-01-18T00:00:00.000Z,1.7,30.65,9.05,6.1,13.19,4.98,580
2024-01-19T00:00:00.000Z,6.97,37.29,18.42,15.55,21.83,4.605,575
2024-01-20T00:00:00.000Z,7.05,51.97,25.44,17.98,32.63,9.239,586
2024-01-21T00:00:00.000Z,7.38,34.54,16.14,13.87,19.27,4.296,581
2024-01-22T00:00:00.000Z,2.97,33.22,13.45,9.23,17.27,5.271,579
2024-01-23T00:00:00.000Z,7.05,53.5,27.8,21.88,35.42,8.01,575
2024-01-24T00:00:00.000Z,12.3,39.65,24.05,21,27.55,4.65,570
2024-01-25T00:00:00.000Z,14.13,61.08,21.92,18.76,31.92,12.59,308
2024-01-26T00:00:00.000Z,37.28,102.03,54.83,48.53,62.53,14.04,549
2024-01-27T00:00:00.000Z,16.73,62.78,36.53,31.35,40.7,7.445,587
2024-01-28T00:00:00.000Z,4.45,51.78,28.2,11.49,33.2,11.558,584
2024-01-29T00:00:00.000Z,8.93,25.55,14.99,12.68,17.55,3.232,578
2024-01-30T00:00:00.000Z,8,50.6,23.78,17.61,30.74,8.731,584
2024-01-31T00:00:00.000Z,18.32,64.84,41.58,29.15,50.95,12.099,507
2024-02-01T00:00:00.000Z,5.09,68.38,33.04,17.95,48.58,16.017,548
2024-02-02T00:00:00.000Z,0.45,19.92,6.07,4.03,8.75,3.338,539
2024-02-03T00:00:00.000Z,0.3,39.25,9.23,5.8,16.52,7.185,563
2024-02-04T00:00:00.000Z,0.4,17.92,4.57,2.84,6.84,3.204,560
2024-02-05T00:00:00.000Z,1.05,23.95,6.96,4.95,9.07,3.09,578
2024-02-06T00:00:00.000Z,1.27,25.58,5.88,4.48,7.67,2.57,576
2024-02-07T00:00:00.000Z,4.53,48.47,16.38,12.05,20.75,6.428,571
2024-02-08T00:00:00.000Z,2.25,26.58,9.06,6.67,11.77,3.98,540
2024-02-09T00:00:00.000Z,1.8,30.7,11.4,8.9,14.8,4.461,575
2024-02-10T00:00:00.000Z,9.55,214.5,30.23,25.27,37.53,34.228,574
2024-02-11T00:00:00.000Z,12.05,49.8,24.72,20.14,30.42,6.829,574
2024-02-12T00:00:00.000Z,11.63,57.13,28.64,22.55,38.6,10.282,574
2024-02-13T00:00:00.000Z,10.77,45.38,23.35,18.35,28.7,6.162,571
2024-02-14T00:00:00.000Z,9.3,40.33,16,14.27,18.17,3.245,581
2024-02-15T00:00:00.000Z,10.18,53.38,21.95,17.63,26.4,5.953,559
2024-02-16T00:00:00.000Z,25.48,56.42,38.22,34.78,41.96,5.572,584
2024-02-17T00:00:00.000Z,10.13,50.9,21.65,17.32,34.63,10.017,583
2024-02-18T00:00:00.000Z,0.56,20.05,3.22,2,6.85,3.843,580
2024-02-19T00:00:00.000Z,0.77,36.08,5.53,3.6,15.6,8.339,581
2024-02-20T00:00:00.000Z,4.25,77.2,18.41,10.32,23.85,11.615,586
2024-02-21T00:00:00.000Z,14.18,56.95,26.95,23.32,37.09,8.977,576
2024-02-22T00:00:00.000Z,33.92,87.93,51.99,47.43,57.55,7.334,580
2024-02-23T00:00:00.000Z,22.58,85.32,51.96,44.69,57.95,11.214,584
2024-02-24T00:00:00.000Z,5.85,58.35,29.02,23.8,32.1,8.436,583
2024-02-25T00:00:00.000Z,7.25,23.17,13.38,11.55,15.12,2.848,293